name,artists,popularity,danceability,energy,key,loudness,mode,speechiness,acousticness,instrumentalness,liveness,valence,tempo,is_hit
Locked out of Heaven,Bruno Mars,51,0.042825778868631016,0.1494641534571596,0.11571335968189184,-0.07161374649608372,1.0589087908632118,-0.3478685290485899,0.2738363614754981,-1.0510970687171288,-0.5924011249725539,-0.47174821512741244,-0.42973661914460787,0
Numb,Linkin Park,87,1.0889276545922777,0.9123371242653343,-0.7753768506887205,1.0579676197787438,1.1193602807891347,0.4868451633355612,-0.5173845795724651,0.7860799161803483,1.0112488817712735,1.0025970523096124,1.18499661796007,1
Californication,Red Hot Chili Peppers,81,0.7809457775828028,0.4224333813259438,0.3958415165058839,1.1273384515410607,1.1193602807891347,1.1636886953809535,-1.6837281782926659,-1.0510970687171288,0.5463931997746667,0.5382104835538226,0.893008836043675,1
It Will Rain,Bruno Mars,64,0.4430189284876909,0.7684957556623466,-1.3649502950901673,0.5286284944461239,-0.9749988753546722,0.35315948934198443,-0.08271335750427596,-0.8551677931516879,0.0029099347475326346,0.9333042740105928,0.4786417999748587,0
Yellow,Coldplay,89,0.7661537417312109,1.4179085774218485,-1.0363204668677526,1.1573517971578442,-0.9749988753546722,1.2407904596438026,-1.0701210073040046,-1.0510970687171288,0.31406833104901277,0.9313665475464816,1.4047989629618225,1
Beautiful Things,Benson Boone,89,1.003675011262,1.4047149614620509,0.38616754342807846,1.061039879476932,-0.9749988753546722,0.8864676256311931,-0.8137857320786578,-1.0510970687171288,1.1211703409728502,1.366383942274344,1.1746779023386955,1
Guess featuring billie eilish,"Charli xcx, Billie Eilish",85,1.117009953104049,1.2192988060751384,1.5795982935643067,0.85605771982542,1.093680800607669,0.1628319431944509,-0.3177835008772704,0.1430000336606356,1.7649490984663114,1.0090528791332791,1.2021365153478538,1
The Emptiness Machine,Linkin Park,90,1.1315036631657216,0.787419418789063,-1.0272071144723867,1.1126530513675779,0.9905041244281326,1.2527302006700123,-0.8319171570157995,-1.0510970687171288,0.6506423195870364,1.057955743752263,1.0130047574984238,1
APT.,"ROS√â, Bruno Mars",98,1.1601300409717363,0.468266419777297,-1.6215964172011055,1.2928781824930196,-0.9749988753546722,0.4033553510075652,-0.9886034355216695,-0.5285177677409248,0.4797721990133025,1.2561089125452702,1.1826688680497364,1
Riptide,Vance Joy,78,0.7963689413654937,1.0961036482081186,-1.3045745081953426,0.527484199938416,1.1193602807891347,0.7835177786288903,-0.4667351100492354,-0.08675230346542281,1.4219144598803939,1.0940834533128694,0.6612737290430206,0
Lose Control,Teddy Swims,89,1.3501997126521634,1.3960955166194797,1.5619579661865044,0.896851541613876,-0.9749988753546722,0.43529174162960205,-0.950281515369432,0.930765731772989,1.4308516196114387,0.8086995288389872,1.5388465857893538,1
Stumblin' In,CYRIL,84,1.0120182945744685,1.4179085774218485,0.6448918098136298,1.021365450120476,-0.9749988753546722,0.6280653432194977,-1.0815800967384706,-0.6399810448482245,0.5665095810163367,0.6470200786939906,0.9098748143226625,1
feelslikeimfallinginlove - Single Version,Coldplay,78,0.48949429694649016,0.688317153454264,-0.4980330063617046,0.7580269667353233,-0.9749988753546722,-0.1853927893399105,-0.9312358540295516,0.00046272563811638627,-0.33291504051929804,0.2725931657593707,0.6089900416349089,0
Viva La Vida,Coldplay,85,0.8476387830895602,1.4179085774218485,0.9743820826431643,1.2070062025658088,1.0556681362071882,-0.6460811467993498,-1.1203068858313787,0.2114938638280456,1.3822409409597398,0.9103855928868678,0.8436921570280753,1
Illusion,Dua Lipa,65,0.6526477164032919,0.4131221995321597,1.5530099565452786,0.16667049266308911,1.0567127284403175,0.2597055701592246,0.2807895503531798,1.1620640440380605,0.9428823514155039,-0.024490419466427056,0.2334712080698802,0
I'm Good (Blue),"David Guetta, Bebe Rexha",85,0.9013142735973396,1.4179085774218485,-0.7600484331229561,0.5329050467797745,-0.9749988753546722,1.0754916001825516,-1.0623247757444938,-0.741016368448945,0.67218111524378,1.0561987701988471,1.0003631411371243,1
Bad Habits,Ed Sheeran,79,0.43832760759964384,1.4179085774218485,1.5386009835137544,0.5800156128682358,-0.9749988753546722,0.33530561022994015,-0.5398412445979779,-0.7342191788667074,1.1557634999216937,0.20441372294312724,0.7415255355774277,1
Shape of You,Ed Sheeran,86,1.2106168429266877,0.7139649378279012,1.248091817782025,1.1990780964700318,-0.9749988753546722,-0.5853128826656002,-1.1857030509900763,-0.5541960683753113,0.6246779868035103,0.6180079704419592,0.48271796224720026,1
In the End,Linkin Park,87,1.4001095011779638,1.4179085774218485,-1.6149610507856198,0.8363969281094815,-0.9694461153170908,0.08383952718380254,-0.9312667207036042,-0.7052737368418718,1.03282423728012,1.5516758687114796,1.0673651110498799,1
Don't Start Now,Dua Lipa,80,0.4312598490080278,0.6237957597892131,-0.19030027845736777,0.879539447657473,1.075769433221009,0.8936282382123436,-1.1979708804565168,-0.36607765138172255,-0.5540088340626773,0.10903729287242053,0.861698187378426,1
Take on Me,a-ha,84,0.9320246810143892,1.1546747980205105,1.248392233065862,0.8544882396791839,1.10639158370021,0.5142797590376891,-0.7116302797519427,-0.6606472791964257,0.8092502392988076,0.9174156973951844,1.336368756646534,1
When I Was Your Man,Bruno Mars,87,1.088856319867423,1.1983374211708826,0.1032985955441657,1.0869312028781464,-0.9330460299834828,0.4731075374246939,-1.2503324592409935,-1.0510970687171288,1.4489114068755968,0.35067764992751277,1.0216855922568497,1
i like the way you kiss me,Artemas,84,1.4001095011779638,1.0789275992837795,-0.7311316743535875,0.951601817489622,1.098032364856125,1.100074149895777,-0.8204958673693252,-1.0510970687171288,0.9712980229450365,0.22613466392275489,0.8211874738390231,1
Houdini,Dua Lipa,82,0.9238033108313988,1.4179085774218485,1.2188632579730163,1.5551463443448765,1.054513407129446,1.4349766544712652,-1.1123131918822717,-0.8872134855956453,1.4197461504047277,0.4687152002061871,0.9683497248019706,1
Espresso,Sabrina Carpenter,90,0.8325619441323343,-0.05266431476543623,1.5149064284440066,1.334677813029901,-0.9749988753546722,-0.536980803307384,-1.5871224824600179,-0.9667378465254868,0.6355483647321982,1.4160943128243801,1.1099392948209548,1
WE PRAY - Single Version,"Coldplay, Little Simz, Burna Boy, Elyanna, TINI",75,0.7536634317158463,0.7769749982167915,1.2462088783582874,0.4731661086526712,-0.9749988753546722,-0.1436404415482352,-0.47411660528557964,-0.8984086303449185,1.3938475838115485,0.08178459429654336,0.6724067875969253,0
Like a Prayer,Madonna,74,0.578443443607338,0.51388251323573,-0.16289422027605074,0.5312609263033907,1.04299384332194,0.33765283039086863,-0.17777044068955605,-1.0510970687171288,-0.2080317171898522,0.7054736874797038,0.7541311457545307,0
Good Day,Jake Scott,1,-1.5953118335825403,-1.1651680338462342,0.37897089641516907,-1.0920941682535747,-0.9749988753546722,0.066956883906387,1.6423023428373331,2.7705147839816497,-0.8119179699761657,-1.0561592041955694,-1.5730115698778633,0
Lovin On Me,Jack Harlow,81,1.0433087584653187,0.36508834611965396,1.255204920638414,0.5276260375764213,1.1193602807891347,1.7531337215367933,-0.4225592438675903,-1.0510970687171288,0.37669506887395643,0.4709570116412127,0.9085354706141812,1
Water,Tyla,84,1.1252679988733005,-0.0176459006712193,-0.7486558765430674,0.7977306466342775,-0.9749988753546722,-0.6503511932982572,-1.4866310136217022,0.5463021300752865,0.15026582604990132,0.1013372149206663,0.7492642672778994,1
Strangers,Kenya Grace,77,0.9028616438771138,0.6011218605443285,1.2552342460951984,0.6793049699084335,0.989362012310556,0.5954197539065857,-0.18539999704879073,-1.0510970687171288,1.1862773505093935,0.9913669294477324,0.581190328006134,0
As It Was,Harry Styles,28,-0.8179419626445562,-1.4168385517181774,0.4086909681676339,-0.864473289279211,1.1193602807891347,-0.7460027262309008,1.5142605303315761,0.22193627336269767,-0.4022497134489541,-0.5588415183108222,-1.1270156584630975,0
That's What I Like,Bruno Mars,88,1.167335734534014,1.2087906163106474,0.9686547321448649,1.085077673932536,-0.8389603138544324,0.375446889204133,-1.2830793132753455,-0.7630994868052731,0.5188727699386547,1.3340711984479292,0.6661114990770636,1
Scared To Start,Michael Marcagi,85,0.9118772705926832,1.0982763983117676,-1.6091349377107513,0.8085475024032166,-0.9749988753546722,0.9542018116740768,-0.7744164814168043,-1.0510970687171288,1.1728863983842261,0.7572048983459845,1.2162503336752384,1
Too Sweet,Hozier,66,0.32409105277276323,1.0494419403846516,-1.3511006978560085,0.23793730723934994,1.1193602807891347,0.7880021893964605,-0.25018333732076226,-1.0510970687171288,0.5089712043520531,0.7440311326326511,0.04554413111894894,0
Demons,Imagine Dragons,83,0.34212991689410116,0.4907061329065587,0.41557307909243396,1.1596233893398828,1.1193602807891347,0.8735043621800085,-1.3276326403008534,0.021186324749617954,1.2116149001678183,1.1593464449285393,0.9255809792342172,1
Dance The Night,Dua Lipa,68,0.12285897580316028,0.12154461283916615,-1.3401389377275945,0.5647031760322119,-0.9749988753546722,-0.5861279155583912,0.12030573701590438,-0.9163354829924321,0.2050832910336379,0.37877314835756964,0.5620128420253012,0
greedy,Tate McRae,86,0.8728700463264916,1.4179085774218485,-0.18561076938588741,0.9313314128040087,1.1193602807891347,1.2064294372258393,-1.0733042342688315,-0.8934134021751052,1.016338056085889,0.9637171586377734,1.0274417031811838,1
Training Season,Dua Lipa,74,0.5051270236240141,1.3022115394239613,-0.18792647245067146,0.28089078666136086,-0.9482494294759516,0.007750478377065059,-1.0963576678551639,-0.16687166292818806,0.6214861043545087,0.6552779793794041,0.5228632363819716,0
Murder On The Dancefloor,Sophie Ellis-Bextor,79,0.811953682157756,0.22923828437230825,0.69370825810652,0.7184198857227618,1.1193602807891347,0.5891323840824818,-0.5591616160801133,1.2047145918720763,0.2485730834068225,0.6133821893375655,0.8400813966145717,1
Afraid To Feel,LF SYSTEM,76,0.655848148192876,0.23082647478609428,1.254494008440454,0.8762465666020387,1.074396406537957,1.4306691978540083,-0.8215882560131887,-1.0510970687171288,0.10830833044166374,0.3539127623236479,0.37152895104045497,0
I Don't Wanna Wait,"David Guetta, OneRepublic",85,0.3742131046992504,0.8295209757258657,0.705874314894301,0.7392564994607089,-0.9749988753546722,1.7004239436895934,-1.2227328891986708,1.3711986851015932,0.8587207262593167,0.7975118851763555,0.8562044119491141,1
Columbia,Quevedo,81,0.6092898695588643,0.9732527914622673,0.3804087827781116,1.147636491445303,1.1191943901098529,0.5449712843339598,-0.9007831082787684,0.522218171303207,1.1966995105917027,0.8703429337862327,0.9070354822212415,1
Flowers,Miley Cyrus,24,-1.1928768639343745,-0.3089824873885253,0.11135101741100564,-0.6641149881015906,-0.8983160979920771,-1.4162892083130276,0.9709183065146731,0.017971224482651985,-1.2976005085625621,-0.8091614546946159,-0.8303825399451245,0
Cupid - Twin Ver.,FIFTY FIFTY,22,-0.5313488965085389,-0.9146797713732978,0.10900376013029522,-0.7804284403277448,-0.9749988753546722,-1.881921511155557,0.9415369947725445,1.7434283648585998,0.04573865833495352,-0.4871598938015981,-0.8283391255070515,0
"Good Luck, Babe!",Chappell Roan,94,0.521752388071535,0.519237713153098,0.11286554551337306,1.3367794579842485,-0.9749988753546722,0.6060582798975916,-1.2314149922200517,0.03327594420522627,0.7860195459987953,1.2575665738945168,1.3614445042437442,1
End of Beginning,Djo,89,0.9115145929352614,-0.06730423552898127,0.9928091432729726,1.2919492605319156,-0.8054458116661625,1.9457651207845814,-0.6996428201428165,-1.0510970687171288,1.283428835862863,1.457987812935379,0.8709540453926776,1
Way down We Go,KALEO,82,0.7391244583155248,0.9186323436409977,-1.62319222750164,1.149554353608771,-0.9749988753546722,1.3843064371328864,-0.4129518023877808,-0.40222982599998036,1.4427061939852717,1.2373448842637147,0.7461175605634189,1
I Wanna Be Yours,Arctic Monkeys,90,0.8742862786804101,0.638488404792272,-1.0413805162612126,1.2754801962648374,-0.9749988753546722,1.4743668109405579,-1.4769911742685624,-0.04138055751045184,0.8517733087264291,1.1587777439142561,1.0631782551116553,1
T√£o Bem - Atemporal Remix,"Lulu Santos, Papatinho, Ana Gabriela",31,-1.009921600494128,-0.8586025964064347,1.5427733815018296,-0.9478811032896625,-0.9749988753546722,-1.5072827601657708,0.7047903730545984,0.0569820194300067,-0.11906529542309051,-0.16945298271067594,-0.9674904311469499,0
Sintomas de Prazer,LUDMILLA,56,0.15403468962215006,0.34836641231893994,0.6881834866878722,0.2071215649032407,-0.9749988753546722,-0.4305110286276205,-0.009698144965899413,-0.8978062040466488,-0.10737927131714262,0.5880281572495109,0.09981171811305309,0
Meu talism√£,IZA,54,-0.19760545002753802,-0.23942567488347957,-0.18662951850057327,0.34041085164598484,-0.9749988753546722,-0.7652600436962004,0.2753220987668824,-0.06125394744274508,-0.02257575196370495,0.3944901321406373,0.28987597060464515,0
BELLAKEO,"Peso Pluma, Anitta",75,0.5674398750270602,0.38674942628163705,-1.6147046368766214,0.44062001362259035,-0.8011483290197325,1.1039608183068021,-1.0999608423924436,-0.7626535479496928,0.5427356386012545,-0.16585553192762487,0.45908149676201343,0
Envolver,Anitta,67,0.4210150735687942,0.46787707121853117,1.5154117981461606,0.48783785552106457,-0.7556011209615764,0.22116254293869667,-0.2742141550137464,0.5402889289123879,0.3414275738024838,0.15553741144404942,0.6651542253768586,0
TEXAS HOLD 'EM,Beyonc√©,73,0.7082105334748352,0.4774567105850261,0.9633605279647776,0.6978120167641011,1.1193602807891347,0.45416727248932803,-0.5240153764558355,-0.1407288299042119,-0.37254872336682754,0.49168951011364365,0.6296880203635808,0
we can't be friends (wait for your love),Ariana Grande,86,0.8015001700046015,1.3671714233764525,1.5182664339702776,0.852385892347869,-0.9749988753546722,-0.09844679830036547,-0.6796422937742547,-0.33709438683523846,0.7215940694582734,1.6944987408390164,1.102303108009173,1
Idiota,J√£o,62,-0.1433739555112377,-0.1354949215538768,1.5447718599963471,0.2268021426682831,0.981465277352323,-0.8176738404964227,-0.5625638029580047,-0.4600331980409184,-0.435089155305011,-0.12024890866243258,0.041722921831650724,0
se essa vida fosse um filme,GIULIA BE,61,0.05696985838830795,-0.9644460666938323,0.40499503676881865,0.12537049498820782,1.1193602807891347,0.5323126744944763,-0.21213834185675473,1.874165782260926,0.31338675083959777,0.05854293586530355,0.015648121827327364,0
A noite,Ti√™,65,0.28414036327724057,-0.3748874071216915,-1.6123446875126286,0.48275079037764596,-0.8811312275674533,0.5958555802735914,-0.11091070012150031,-0.7431167578188002,-0.28311859376533915,0.09678736489018509,0.42656950613219696,0
Cruel Summer,Taylor Swift,89,0.8848823995730363,1.3192766209292102,0.7262915438835725,0.924755496813561,-0.8947312060741487,0.019963723760812603,-0.9066592549793705,-1.0510970687171288,1.1556161475257891,1.0346437999837341,0.9347675279670147,1
VOID,Melanie Martinez,55,-0.023080785981909893,-0.4850407967983799,-0.7649098123608138,0.006976614941602146,0.9674955056624045,0.30631689968844356,0.04342002107923784,0.7252936030810425,0.14755817800574075,-0.5000392997438636,-0.19650890620176892,0
vampire,Olivia Rodrigo,20,-0.986924943829219,-0.6011839451021099,0.6879712686877066,-1.1940863032222249,-0.901313587466091,-0.3778164427824013,1.7837580301674925,-1.0510970687171288,-1.6493227973284221,-0.9780559084631771,-1.3684348906123989,0
Just the Way You Are,Bruno Mars,81,0.914524557227639,0.9393889672784819,-0.17133358655723632,0.46860047017353895,-0.8749291792742843,0.7879761244426827,-0.9036693784769299,0.2456782497231833,-0.2809886048616596,1.0268916463424709,0.6868340717410814,1
Mind Over Matter,Young the Giant,70,0.3896785934137736,1.1073085435833045,0.11584905898271462,-0.12442153742847667,1.0748600623611257,-0.11875957864061291,0.24768679226314966,-1.0510970687171288,0.74624020855035,0.3358931148702755,0.5412787354971175,0
Easy On Me,Adele,77,0.7594107589896948,0.5450019805122046,0.06706892711230883,0.5671696801446763,1.1193602807891347,1.574416278917844,-0.059033148979124726,-1.0510970687171288,0.8752264660783664,0.295487003562839,0.8955848238305455,0
Mulher de fases,Raimundos,68,0.5307272549580694,0.0881255437888309,-1.057706273129292,0.37203202565316357,1.1013256557037028,0.01817875240112841,-0.3394752491877333,0.2503365897335146,0.6556555188618662,0.583984657481943,0.28921550167729426,0
Sagrado Profano,"Lu√≠sa Sonza, KayBlack",71,0.24527651390831176,0.07832068698803775,-1.0490384939132573,0.7814429580348026,-0.8591648344010262,1.0525675823922835,-0.7812928771264478,-0.5181931282890458,0.13474833622358265,0.570237556464582,0.8135380162895205,0
Kill Bill,SZA,77,0.5074160654068174,0.406702444029304,-0.4417954625123401,0.6793712527548857,1.1074548421365362,0.9978541139175442,-1.4210172248603534,-1.0510970687171288,0.813528811675022,0.4389109026948995,0.9592887730558091,0
Astronaut In The Ocean,Masked Wolf,69,0.4960628971349405,0.6246694852433134,0.10575297727693699,0.4710061276182161,-0.8682894252372069,-1.1681142280105852,-1.144776081313507,0.31617037021109096,0.5487702921731994,-0.1721926492199803,0.13980080436035508,0
fukumean,Gunna,82,0.9500475146917762,0.940650166219064,1.5335259415503164,1.0250998088824557,-0.9187206180521993,1.0697180896101137,-1.289450023011678,0.562675628305259,1.3144518763872624,1.5267665052004287,1.1613095016111181,1
Paint The Town Red,Doja Cat,78,0.9490891623347533,0.5565123864028854,-0.1651140095991181,1.0894667491988899,1.1193602807891347,0.6491536236870986,-0.3611378511403595,-0.4452787184811305,0.5224819912027968,1.0295842741812158,0.9231030688225272,0
First Class,Jack Harlow,28,-0.9932604901083821,-0.7595806339873893,0.4083802950845921,-0.8490513223383319,1.1193602807891347,-1.6149481662431122,0.5446390416946228,-1.0510970687171288,-0.8523261122527905,-0.4436797663691561,-0.9051268530075428,0
Seven (feat. Latto),"Jung Kook, Latto",80,1.3556953359550694,0.5356125423964164,1.562186498228765,0.7412449953659266,1.0786021464435458,-0.028178904086687544,-1.010398697465331,-0.8337251924104163,1.1853282180897704,0.3715538561816703,0.7720601680956221,1
Boy's a liar Pt. 2,"PinkPantheress, Ice Spice",72,0.6556269992215406,-0.01126412152540767,0.9531532167809795,0.6955794142288065,1.0446556623260668,0.42424164083415405,-0.5919369403828701,1.6378150570926748,0.16458219321894055,-0.10442217599259102,0.785844728959856,0
Baby Don't Hurt Me,"David Guetta, Anne-Marie, Coi Leray",81,1.1942615387139621,0.9633753628659341,0.39984344118275833,0.7234270387455997,-0.9749988753546722,0.4755897994202835,-0.9766969296299916,0.9347854654306852,0.6240915096658028,1.1176791805111748,0.6089133107329722,1
Slow Down (feat. Jorja Smith) - Vintage Culture & Slow Motion Remix,"Maverick Sabre, Jorja Smith, Vintage Culture, Slow Motion",72,0.7036080463589428,0.37461362314904817,-1.3366852182328728,0.24602611947501501,-0.954493791337142,-0.8491676131786762,-0.33058029842120124,-0.8418809573715872,1.0660180068440905,0.5761041677511547,0.39408005758330455,0
Leave The Door Open,"Bruno Mars, Anderson .Paak, Silk Sonic",78,0.18209532286394786,0.6823455147788101,-1.0568878746685726,1.0932426728399227,-0.9749988753546722,0.8969369459891728,-0.2811630783214385,-1.0510970687171288,-0.4295793874049062,0.39598081760717346,0.35225113728939944,0
Another Love,Tom Odell,63,0.1543696347641181,0.3158398221384959,-0.45773850588932913,0.6943738336420184,-0.9140609903503276,-0.3117960717440034,-0.439568082664231,-1.0510970687171288,-0.03857351114501155,1.098344835894834,-0.04937244092088782,0
Sweater Weather,The Neighbourhood,90,1.0990362885175262,0.5569981956676797,0.9600352787983292,1.2584327643481403,-0.9745179918794808,1.3833943957528978,-1.5415802575215962,-1.0014417580299908,1.0256726573269468,1.4559735019507607,0.7854926712074333,1
Desapaixonar,Jade Baraldo,31,-0.396818366463436,-0.6960188734869718,1.5460317123904355,-0.5802095549381532,-0.9749988753546722,-0.08566326165874519,0.44924492119997,0.43552383282490803,0.1536302561814701,-0.21852301246224223,-0.7803632182591911,0
Por Supuesto,Marina Sena,61,0.07227198797176242,-0.30802389221011944,-1.3420689205745855,-0.07602237620871423,-0.9749988753546722,-0.42074909286012946,-0.0033860350359839046,1.5005108005543124,0.3570729574921726,0.7126922798761695,0.33066171477630923,0
menina solta,GIULIA BE,66,0.19894724592803992,0.6598713097715151,0.6822705330179623,0.6430183770274409,1.1193602807891347,-1.1924910843694077,-0.030947670998731427,-0.20776024476305344,-0.5715892883699257,0.5932173460608466,0.19625453355579675,0
Dona de Mim,Paulla,12,-1.2704153680481018,-0.9746987807778523,0.9766511627445973,-1.6006558699373226,1.070677535163697,-0.712752706723339,1.034071028991036,1.7957432343444708,-1.5259315794843888,-1.0660984446620154,-1.1831997237255991,0
Watermelon Sugar,Harry Styles,82,1.0618678399867587,0.17594460178672325,-0.7440096758023097,0.9551227964050883,1.1193602807891347,2.014299098600615,-0.6052735722745609,-1.0510970687171288,0.5736819799225029,0.9459307509231323,1.1640818296035784,1
Left and Right (Feat. Jung Kook of BTS),"Charlie Puth, Jung Kook, BTS",68,0.4150713879772712,0.801957737545252,-1.5988064444664545,0.575652271291184,-0.9749988753546722,0.08667766313838335,-0.21386640679272165,0.3503356302860637,-0.1404933086221793,0.9391947089463408,0.430085120251986,0
My Universe,"Coldplay, BTS",74,0.6905726645695672,0.6379673641028263,1.5353714333172013,0.6883698533457742,0.9985207149272582,0.7018838359740837,-0.7467994411079872,0.35848179207610853,0.4608891324607736,0.8783892871798036,0.43733028765617094,0
Dance Monkey,Tones And I,2,-1.677461277187237,-1.4462608893471456,0.6880905713638854,-1.9979507090868884,-0.88838218935319,-2.5003904922009355,1.7882817916081586,2.76016227099727,-1.187920286722378,-1.6600272939270353,-1.6468404007107629,0
abcdefu,GAYLE,72,0.2271348486898146,0.6767390303993439,0.11504304481905406,0.8071029905796016,-0.9749988753546722,1.0457794562847906,-0.8389497221312601,0.8847815366788211,1.077749980722319,0.47416430327579284,0.6948398779608108,0
DESPECH√Å RMX,"ROSAL√çA, Cardi B",49,-0.3309995956435632,-0.24064084429924285,-0.7416947468625074,0.18862403608430417,-0.9289431258308634,0.10784592855993937,-0.13061803106922634,0.12906704037714098,-0.4582366515563549,-0.2472352495858321,-0.215437619855731,0
Calm Down (with Selena Gomez),"Rema, Selena Gomez",79,0.22300629561707194,0.41003804030523894,0.10604805472791726,0.566556842199458,-0.9749988753546722,0.5761209823630062,-0.8811162472988008,-0.11775381259727868,1.3611732315820044,0.4611723973618924,0.6216654301600966,1
love nwantiti (feat. Dj Yo! & AX'EL) - Remix,"CKay, Dj Yo!, AX'EL",70,0.4800256711336015,1.0821209759915837,0.9925077649997412,0.46181039761792936,1.1193602807891347,0.2964512429865347,0.06270394068535434,-0.7735121032572976,0.2813709725527155,0.9970343452036613,0.7308724891387969,0
Blinding Lights,The Weeknd,87,1.4001095011779638,1.4179085774218485,0.13455618933363814,1.0098973278638455,-0.9749988753546722,0.9979350883418199,-1.5613798396442586,-0.7918398000232791,0.9832026933718159,0.4291221570004769,0.7846694097063562,1
The Business,Ti√´sto,72,0.2850302783117553,-0.34000009046053015,0.3751827615861618,0.5737129484964155,-0.8219598372807337,-0.3839747730073294,-0.3359014238865689,-0.49010355173671377,-0.5120860477509327,0.9567681044918291,0.5644103621765413,0
Heat Waves (with iann dior),"Glass Animals, iann dior",0,-1.4252333527468029,-1.6532016592213274,-1.347076454365423,-1.3414737411494786,1.1193602807891347,-1.099695116202732,2.058833016048043,0.5878631637450363,-0.7416393048889204,-1.8977703192841873,-1.8630753446755834,0
Life Goes On,Oliver Tree,70,0.4815533856183266,0.18014246206932938,-1.057272691383145,0.4642980598736531,1.021877924566919,0.48725876320303824,-0.4887812396505432,-0.2708463274073626,0.8066471382503473,1.119838867619312,0.5170613400264532,0
I Ain't Worried,OneRepublic,79,1.05057874362284,1.0696629555055932,1.2619378219886848,1.073478369646186,1.0425469700788526,0.46219901652654266,-0.4101245817452716,-1.0510970687171288,0.5306043638978103,0.8328362282928823,0.7718297348883754,1
Shivers,Ed Sheeran,83,0.717458207795933,1.4179085774218485,0.393046585752626,0.928822217505837,-0.9103404021439939,1.7850762364239692,-1.1910195998256914,-0.08714422935943185,1.0279820010548346,1.1871919163666718,1.3790578363905674,1
√öltima Noite,L√©o Foguete,77,0.6588343815551317,0.9704967170161147,1.525847560502289,0.7594740597406142,-0.9436633336580009,0.8211588259464367,-0.9231085885188407,-1.0510970687171288,0.07890512016924184,1.2011774724125996,0.5026346715711334,0
ESCADA DO PR√âDIO,"PEDRO SAMPAIO, Marina Sena",77,0.6690537063477402,1.022300112434029,-0.7816637999877944,0.9182848883692267,-0.8752282155446209,0.635020455047659,-0.8470422912541787,-0.4122089988088663,0.9149844959257337,0.1854458720237738,0.7430268478604489,0
Barbie,"MC Tuto, DJ Glenner",85,1.012062403568622,1.164389323350247,1.2598687287472476,1.0089917615769186,-0.92975942838967,0.6065075412263626,-0.3940772866938075,0.07733591808550754,1.7754047043125163,1.2417818598682329,1.0557584644511147,1
Cora√ß√£o Partido (Coraz√≥n Part√≠o) - Ao Vivo,Grupo Menos √â Mais,83,0.731496967585558,1.4179085774218485,0.6698050707939257,1.1648449700738615,-0.9749988753546722,1.4332991906031332,-0.8065405604658501,-1.0510970687171288,0.8506671647885038,1.5154228105527023,0.9346955285402604,1
MTG NA IMAGINA√á√ÉO - TOPO SESSIONS VOL. 1,"DJ TOPO, Mc Livinho",79,0.3918206352929018,0.9210647420601238,-1.6619513479823562,0.9122324426194423,-0.8615555500936393,0.48745514766991455,-0.6301795751527874,-0.0772867882086899,0.5380267367594561,0.5604193529016944,0.7619801908451137,1
E A√≠ Como Que T√° ?,"MC Tuto, Oldilla",74,0.6596117544097722,0.5939825274378029,-0.7355173453078568,0.563888623650397,-0.9749988753546722,1.6413955658220525,-0.366181004389454,-1.0510970687171288,0.10845013289178675,0.9507908904620664,0.8118802233823711,0
√öltima Saudade - Ao Vivo,Henrique & Juliano,83,1.3204794946493377,0.5562138347831845,-1.6162458182589308,1.0434235241137202,-0.8448053693477358,0.774050499721675,-0.7226982396350518,-0.6998816130685624,0.24683630893396755,0.7447015562964832,0.584215230531987,1
Cantada Boba - Ao Vivo,Jorge & Mateus,73,0.9225282576985879,0.7568216349018465,0.6685604149007084,0.5937647901997295,1.1193602807891347,1.5456689838147755,-0.7925407707909807,1.7717337053141304,0.7115526116246561,0.2758562223090921,0.5483444386241028,0
Saveiro,"Kaique e Felipe, Luan Pereira",80,1.0871382389420756,0.1315258118849074,-0.7538542389767492,0.7233187410378585,-0.9531401189063565,1.1360900883375873,-1.0294370076720523,-0.015980389925948028,0.9761779257053417,0.36156489693664823,0.8432769477388916,1
O Meu Cora√ß√£o Em Suas M√£os (Colgando en tu manos) - Ao Vivo,"Hugo & Guilherme, Maiara & Maraisa",78,1.1103081920574052,0.19387093673501024,-0.4727462729985519,0.5099399036530584,-0.9749988753546722,1.336116116738494,-0.7927673118723515,0.2661744572909863,0.0011441288137739756,0.5613750677646218,0.907389878163768,0
Triplex - Ao Vivo,"Matheus Fernandes, Matheus & Kauan",78,0.6942264743667904,0.897892243981684,0.3792607244180539,0.6245013485638118,-0.8601934768675598,1.3405896933677224,-1.0391950049240355,-1.0510970687171288,0.5886379184710471,0.7046989764957273,0.912850306155398,0
A Danada Me Ligando,"MC Cebezinho, DJ Oreia, MC Tuto, Love Funk, Mc Kako",83,1.4001095011779638,0.8822629684691009,-1.604273533833692,0.7393490742802499,-0.7220312925135721,0.5363356814286578,-1.6604248289730497,0.23799530883107312,0.6982535223211761,0.6022932805376966,0.8336683744552509,1
Malvadinho,"MC LUUKY, DJ JB Mix",76,0.5725437320787634,0.07019411416276607,-1.3396104524071426,0.4337779109233761,-0.8364652797531945,-0.07856879775476566,-1.1118627844176403,-1.0510970687171288,1.1575799971869136,0.7932437303388147,0.3915568296267684,0
Entregador de Flor - Ao Vivo em Bras√≠lia,Diego & Victor Hugo,76,1.0876378838806091,0.9389866142536099,0.3994322071199609,0.8427743071093488,1.1193602807891347,0.19861529876477152,-0.9336033025755759,-0.3774773399397368,1.6981464923973253,-0.46038776352581945,0.3504849055586335,0
CERTEZA - Ao Vivo,Luan Santana,76,1.0166313664982711,0.21366770260630047,1.2685831074792648,0.6213571676787104,-0.9749988753546722,1.3161767390039287,-0.5789765762811149,-0.4811760924321696,0.08802580244633396,1.109011549860099,0.6315160245622017,0
Novinha do TKT,"Felipe Amorim, MC Bruna Alves",73,0.38668496672746167,1.4179085774218485,1.5244986165873367,0.5864503437226937,1.0335742201723184,1.2204134420729709,-0.2909139832407702,-1.0510970687171288,0.37097845533532875,1.027978468607647,0.4513448541066878,0
Xonei,"Jorge & Mateus, Henrique & Juliano",80,0.6825277641099539,1.3379782627345378,0.6815646528442522,0.728496659910425,1.0826401048491432,0.35675077782079523,-0.6637639779223655,-1.0510970687171288,-0.6040949277094624,0.8796838619243519,0.753879569645743,1
P√°gina De Ex - Ao Vivo,Mari Fernandez,71,0.36246811624067415,0.2690149869376672,0.39953870805178604,0.3276152646590087,-0.8438847089619669,1.1876488176108382,0.039660808333110004,-0.7185903170644996,0.3158049115890489,0.08132421129471479,0.6458866824362145,0
Pinxad√£o,"Mc JacareÃÅ, Hungria",66,0.17397880400769353,1.0991585705823363,-0.1763011328643399,-0.05157226400840919,0.9910154615044704,0.30283237366204885,-0.44961326248472616,-1.0510970687171288,0.40958021664464445,0.33523146832618583,0.10714017364724088,0
Vai L√° - Ao Vivo em Goi√¢nia,Maiara & Maraisa,83,1.0486009644723029,0.8426251608295882,-1.6237385941769724,1.103503170115981,-0.9253055414222227,0.8916729758603167,-1.5190487919762525,-1.0510970687171288,0.3300697414511148,1.663804689663515,0.8886494547596628,1
Im√£ de Problema,"Henry Freitas, Mc Th",78,0.356759716745399,0.9631713921151437,1.5553309846435222,1.0603109651534712,-0.9749988753546722,0.31281902686893726,-0.6162477204841315,-0.7514911286093695,0.8038591277903191,0.9123735642310026,0.9089089563674704,0
S√£o Paulo (feat. Anitta),"The Weeknd, Anitta",86,1.3968356763770475,0.9517093893079845,-0.4654231277913067,0.9983160280769062,1.0031134346173658,1.0239263263547014,-1.6068377171482469,-1.0510970687171288,1.076630201821319,1.6717794104694597,1.0628063478622427,1
Nem Ligo Pro Amor,"MC LUUKY, Oldilla",76,0.7862186593207924,0.863609880343924,0.4037912007806374,0.45805388833330374,1.1193602807891347,0.17410522602448736,-0.08836922136490762,-0.466243643353581,-0.5829315368706529,0.7513661155488044,0.6056210390353036,0
Vida de Artista,"MC Jo√£ozinho VT, MC Tuto, Deejhay RB",77,1.242282915369561,-0.11482031984285615,0.6848120934480759,0.7493353099654215,-0.9749988753546722,0.008309294243833405,-0.6777311696165713,-0.5274785929782843,1.1323420088618008,0.619362973788054,0.6175678339801142,0
365 Dias (Vida Mansa),"MC Marks, MC Ryan SP, MC Jvila, MC Bruno MS, Mc Magal, Aaron Modesto",78,-0.02650766994387213,0.6891632847449785,-1.6234414195834737,0.5712835069518485,-0.8004596705835939,-0.4849016687790342,-0.5054958694974411,-0.8689876887079598,0.8411287310344201,0.963810155568743,0.6758331589452847,0
Apaguei Pra Todos - Ao Vivo,"Ferrugem, Sorriso Maroto",77,0.08198850882163054,0.6670199162637173,-1.0477820827557986,0.7486335075012237,-0.9749988753546722,1.007576580730046,-0.2508625878811801,-1.0219944124202054,0.9510944020689619,1.7218883612829712,0.7421794456543505,0
Vamo de Pagodin,"Mc Daniel, DJ WN, Dj GM",74,0.5618710741655402,0.2723532748876852,-1.3208176242968444,0.5145896686737863,1.0750981545540383,0.5462871630292614,-0.8063312653774292,0.8604216709019772,0.6517962240708731,0.6231916329315277,0.6241600165547109,0
Pe√ßa √çntima,"Murilo Huff, Ana Castela",82,0.7315108117141854,0.9403524878140952,0.38032526274885525,0.7280027378349938,-0.8126105298373426,-0.564515016952643,-1.0262252483652823,-0.2538727058820784,0.10498750145794228,0.07056908660090956,1.0892765416405787,1
De Gra√ßa ou Pagando,Grelo,76,0.5202813802279268,0.10422911990775222,0.9819109540837128,0.7609495173318752,-0.8229790965670842,0.8183931514345929,-0.6482602859891238,-0.6790174655851087,0.3859765598456695,0.3293911774435735,0.7893350799863441,0
DEPOIS DO RODEIO,"Luan Pereira, Ana Castela",75,0.7208133391594139,0.7887914471559586,0.675244014809628,0.7612669125109602,-0.9749988753546722,0.9119069156373719,0.24186382137125503,-0.7441923759889202,-0.015437533259375425,0.03492822362846489,0.5529982326170719,0
A Noite (La Notte) - Ao Vivo,Gusttavo Lima,71,0.3575606837042977,0.45724033025988214,-0.757443430950934,0.3993683904749404,1.0039807683663933,0.16221670652608247,-0.2619128238537821,-0.47698673321958496,0.9281389343808636,0.08518060962499477,0.7672426626487329,0
Sei Tocar Viol√£o - Ao Vivo,Clayton & Rom√°rio,77,0.7606036909710159,0.5683364704919192,-1.6389211831549517,0.8131013600896312,1.1193602807891347,0.3555335462628119,-0.5222515463710812,-0.5793996506010018,0.646474246000059,0.6791057988844367,0.7401823554460555,0
300 no 7,"MC GP, MC Jvila, MC LUUKY, Dj Yuri Pedrada",78,0.6020137933392753,0.7916820982683428,0.1039440847932435,0.46739229436542,-0.9134407201182957,1.3069285079585715,-1.3031053037649114,-0.9828797306388135,0.3547610909634189,0.2862491909657039,0.7096284232503298,0
Arruma Um B√£o,Israel & Rodolffo,78,0.7088289696255233,0.27112395491117375,0.3997491257172597,0.5520597096201748,0.9687529634110095,2.2528691996292913,-0.6770855250258726,-0.6360711040737677,1.1076430261362824,0.8978496885037153,0.9930214727066754,0
CLONE - Ao Vivo,Luan Santana,77,0.8199911152089542,1.4179085774218485,-1.0370631910674424,1.025975479124376,-0.9749988753546722,-0.8133503630846048,-0.5434916610682472,-1.0510970687171288,0.6419689378620477,0.8142179298380889,0.6155859003259301,0
Haver√° Sinais - Ao Vivo,"Jorge & Mateus, Lauana Prado",75,0.6223232873485423,0.35148491923392794,0.39397938254669573,0.6827781318871833,-0.837988747697722,-0.5953204946112234,-0.7928136294036756,-0.7523385071058146,-0.6304819641436391,0.2785901576008424,0.7308565147561211,0
Afrodite,"Delacruz, IZA, JOK3R",70,0.5032536408832384,0.6145606192993177,-1.0516681674487893,0.5549164897060703,1.1193602807891347,1.6734968127692258,-0.5702935245744126,0.2584948910405953,0.9493069181063669,0.38498783296552336,0.5043433442202846,0
Do Jeito Que Voc√™ Mete,"DJ L30, MC Thaizinha",77,1.2566816362017885,0.5454267774567292,-0.7521867368614975,0.9420395404178206,-0.8754145193620196,0.8432872751922543,-0.8552619231034938,-0.6674710284560458,0.9277506714636604,0.6472192585620092,0.5237333258224165,0
S√≥ F√©,Grelo,77,0.6179562177303911,0.25662180086293324,-1.0408008595039646,0.5680448452027462,-0.9749988753546722,0.03386583565434132,-0.3006615593645492,0.1990985928117575,0.7009036553450285,0.4408783704852905,0.7059854280529957,0
Wi-Fi - Ao Vivo,"Traia V√©ia, Luan Pereira",76,0.05286884653965466,0.22146943128635735,-1.3360289769285285,0.6654682440742669,1.0718518421542758,0.2725634207315356,-0.46236824566221985,-0.151034396538423,0.39168620619481087,0.49286792582898165,0.38688804003822563,0
MTG QUERO VER SE VOC√ä TEM ATITUDE,Dj Luan Gomes,34,-0.19130827305157952,-0.508624965035153,1.5360296394968196,-0.7636669280515963,0.8826687526372171,-1.3492489464167312,0.5626815544376702,-0.7849139959623486,-0.5883276818064916,-0.9863727321673541,-0.5774595994479562,0
N√£o Fosse T√£o Tarde - MTG Remix,"Lou Garcia, Dj Luan Gomes",75,1.2831490240897399,1.3764661003069885,-1.6231574345222832,0.8573489292663559,1.0628266123828245,0.11089618606896479,-0.11182863787370688,0.31208566365115664,-0.19588553513891457,0.6535920946958206,0.6537671229368933,0
Nem a Pau (feat. Simone Mendes) - Ao Vivo,"Yasmin Santos, Simone Mendes",71,0.6683516228694022,0.2192302181721859,1.26082785599883,0.5711036574202359,0.9501134651411803,0.21484790145339502,-0.24789956768921487,-0.6947020125758252,1.3022876684551095,0.6614700188508517,0.3482214681639909,0
Tropa do Sem K.O,"MC Jo√£ozinho VT, MC Tuto, MC Vine7, MC Ryan SP, Mc Duzinho SP, MC LUUKY, Caio Passos",77,0.7845345357723982,0.21031634556089523,-1.617316849652845,0.9476635970215503,1.1193602807891347,1.3190595484367145,0.1456818070631329,0.23938028308081358,0.802967742470317,0.6914834628945569,1.0107673484225457,0
Pira√ß√£o,Kak√° e Pedrinho,35,-0.9357584958284902,-0.8543348846600577,-0.458266427845963,-0.7107894805604463,1.1193602807891347,-0.6151219481681864,0.1488383887278751,0.9372340592195306,-1.1613881789069767,-0.7346865679623773,-0.8127237127194906,0
Eu Fujo,Gustavo Mioto,73,0.9219699593842978,0.033399867011606924,0.41502798934630997,1.097012092873634,1.1193602807891347,1.299467246094976,-0.4575742015566521,0.053683247502519335,0.5993236188672187,1.1102846599772218,0.387691582571793,0
Cron√¥metro - Ao Vivo,Matheus & Kauan,78,0.6223028593512692,0.4201922343010871,-0.18338773010444068,0.6210379885438659,1.1162976753514182,1.1010111493617176,-0.3069844714999157,0.3971574279769213,0.8757155948741189,0.7430276909903235,0.8982652542333007,0
Nosso Primeiro Beijo - Ao Vivo,Gloria Groove,77,0.5207154886605918,1.123382797100026,0.681385702089002,0.959557354734082,0.973210753875582,1.2999687328401732,-0.7589947419449008,-0.8264571467510052,-0.08037828406408866,0.0750662797310018,1.0285573172766678,0
Mela√ß√£o - Ao Vivo,"Z√© Neto & Cristiano, Luan Santana",64,0.5385269406891365,0.1304147978693778,-1.3358810146795819,0.35118853896875235,-0.9016036418585208,0.5044817574017554,-0.8301741065713705,-0.38745039407744847,0.08528010955835559,0.18651852324260118,0.49122495237220676,0
Sombra Desconhecida - Ao Vivo,"Lauana Prado, Z√© Neto & Cristiano",76,0.48651771224277984,1.4179085774218485,1.54095132222192,0.6815271775755274,1.1193602807891347,1.0312932418665695,-0.48082339333278223,-1.0510970687171288,0.9725838721845556,0.714070739482833,0.6260799755301092,0
Qu√© Pasar√≠a...,"Rauw Alejandro, Bad Bunny",79,-0.013900761919789941,1.4179085774218485,0.9797972140107596,0.8340871143118712,-0.9749988753546722,-0.20365977232766785,-0.7422209861033248,-1.0510970687171288,0.5405561796322049,0.6048574766528187,1.0407291129079204,1
Tu Boda,"Oscar Maydon, Fuerza Regida",93,1.3483403269324006,0.4957073117467255,0.3912375832251741,1.553789364602453,0.9729786675111419,1.2830154438064594,-1.5310583869304015,-1.0510970687171288,0.8689546889150981,0.8478452322140096,1.2449743989240116,1
Despu√©s De La 1,"Cris Mj, FloyyMenor, LOUKI",86,1.040978011943811,0.22970267671198902,1.2543288643150992,0.8530841484840664,1.1193602807891347,-0.018221020236782206,-1.1345815471685474,-1.0510970687171288,0.033147098978716226,0.8049770589645389,0.6724548913796532,1
EN MI MUNDO,"Jasiel Nu√±ez, Peso Pluma",74,0.8514106207699361,0.5246871157586764,0.1019421243757055,0.21016269867526544,-0.8922749194822396,-0.08592988841807266,-0.46397366400813544,-0.8300578604310218,1.4148070506460142,0.7607253371475575,0.6782031371696993,0
Presidente,"Gabito Ballesteros, Natanael Cano, Luis R Conriquez, Neton Vega",65,0.26617065528406036,0.3885654419909814,0.679179467954644,0.3449917417529618,-0.9749988753546722,0.665997091581376,-0.2023886657182288,-0.21491195836481938,1.0101922117534834,-0.004925988267031181,0.3166197047507551,0
NEL,Fuerza Regida,89,1.303526590802463,0.6811763320442427,-0.7804098123039962,1.3885225620321762,1.1193602807891347,1.0645499027006855,-0.462165901172332,-1.0510970687171288,0.838589498731463,0.525947158593877,1.3978400060050864,1
Si Antes Te Hubiera Conocido,KAROL G,93,1.2410990206945913,1.0955840561675916,-0.7732169663624424,1.1213768923880547,-0.9749988753546722,0.30877061415512774,-1.3189303810064852,-0.8755334155795573,0.07282402122340448,1.5903665995680798,1.2907864288432715,1
Imag√≠nate,"Danny Ocean, Kapo",73,0.9422185713919662,0.9623975952516638,-1.363264133013091,0.805009243544839,1.1193602807891347,0.5242086883714191,-0.5928425876433658,-0.9173120846241183,0.5256125738262192,-0.11882237034296367,0.4197103825720187,0
SEXO ES LA MODA,"Maria Becerra, Yandel",73,1.0725090514182034,0.6499209134669882,0.10448158039141872,0.2727317761454284,-0.8509782095399874,0.4376102288259857,-0.267546346745054,-1.0510970687171288,0.3290745019769144,0.4242647651035788,0.28725243817073487,0
+57,"KAROL G, Feid, DFZM, Ovy On The Drums, J Balvin, Maluma, Ryan Castro, Blessd",83,0.9277769406070511,1.134505650211421,-1.044872077557188,0.5767203354068022,-0.9749988753546722,0.9170437512429155,-1.4612963098997123,-0.2244710448630149,0.42809719615507913,1.0352042812898694,0.8307103653399454,1
Ferxxoko,"Joyce Santana, Feid",72,0.5613956031796128,0.94924406645689,-0.4534850576768281,0.5623821799779264,1.1193602807891347,1.780547300758529,-0.4515967137645694,-1.0510970687171288,1.7728346294662973,-0.10823852005370596,0.6586865978261777,0
Nueva Era,"Duki, Myke Towers",82,0.4557199141640823,0.30407871617891674,-1.0330567885922282,0.610545031237364,-0.9749988753546722,1.211301012768228,-0.8888473038282171,-0.34782139801174605,0.8652696579219901,0.41976006257216614,0.837196070813681,1
PELIGROSA,FloyyMenor,81,0.5319855388128881,0.9774465784016553,-0.4459649457164131,1.3306062739687359,1.1193602807891347,1.0576213266203238,-1.2476663268510533,0.05326340351001297,1.0196808674219813,0.356762496339879,1.063022758832938,1
Q U E V A S H A C E R H O Y ?,"Omar Courtz, De La Rose",89,0.7652624827920916,1.26375617863557,1.539313743922995,1.1912619361694023,1.0146228452714607,0.39897138985897757,-1.2443655033665062,-0.1703699565557833,2.1570081919892523,0.8662572902959365,1.46278779656431,1
DURO,Quevedo,76,0.8017699555403621,1.1510725906080526,1.5413964630353445,1.0650148891693185,1.1193602807891347,0.555430373382727,-0.753275875411638,-0.3932714779262631,0.8828902347078383,0.4105638716249432,0.7748361860049638,0
PI√âNSALO,Junior H,84,0.9677777432120495,0.9716467532649002,-1.0564280250902969,0.7517802081702062,-0.9749988753546722,1.0763541414048572,-0.8379680098833252,-0.6916568830476733,0.738111304482619,1.280233335675101,0.8023052992441626,1
Soltera,Shakira,86,0.7731787536203033,0.7267206892947666,-0.7477558600820164,1.0442974845548876,1.1090480252688866,-0.4287658879671328,-0.7040403593073733,-0.7691249766626179,1.226545442056555,1.7394481690345198,1.377030547833873,1
DEGENERE üëë (feat. benny blanco),"Myke Towers, benny blanco",79,0.9396272440100878,1.1495768492283396,-0.48994446985457024,1.2407606402387314,1.1155435158040194,-0.6402180926982736,-0.8292945517596817,-1.0510970687171288,1.3828539427045208,0.5622497629996245,1.0248866165209067,1
SE ME OLVIDA,"Maisak, Feid",84,1.323621975831551,1.0933899734636547,0.38553017623862923,1.1125537760375397,1.0407248896862873,1.1436116895725326,-0.9255543705140503,0.3838207170520526,0.6472029849269569,1.3173525758445348,1.0983917980618183,1
Hecha Pa' M√≠,Grupo Frontera,82,0.7653340764450701,0.8768450817710656,-1.030909085729219,1.009406769368617,1.1193602807891347,-0.15084425274952687,-1.1631271667980378,-1.0510970687171288,0.36097088614178663,0.07908620105779604,0.8299289905694244,1
Cholo 7,"Fuerza Regida, Luis R Conriquez",75,1.2645124851568543,0.4996131071215724,-0.1635633313990665,0.5540702267466443,1.1193602807891347,0.06991611029433108,-0.701225560728998,-1.0510970687171288,-0.15533696109909995,0.5173283633484377,0.7951868389717406,0
SE TE NOTA (feat. Peso Pluma),"Myke Towers, Peso Pluma",72,0.3106614450640902,0.3666934962869616,0.6758354470046524,0.5390899346020014,-0.909597400451786,1.9688716754107323,-0.712660100833275,0.40987301824417693,-0.5576852439212495,0.0007127970693491511,0.39554870213526694,0
SI NO ES CONTIGO,Cris Mj,85,1.1129104528637919,0.6133476491893052,1.301693128336422,1.054317696040202,-0.9749988753546722,0.6508737618414797,-1.2538684435396739,0.19393557031375702,1.8499691040167434,0.9861236919108758,0.7409771473430813,1
EL LOKERON,Tito Double P,89,1.4001095011779638,1.0709670801743922,0.6729847348759815,1.0124281783690758,1.1193602807891347,1.8887753246369545,-1.3087295591185737,-0.8936852055729807,1.9866215510916174,0.9106438644978656,0.965866527988395,1
Ese Vato No Te Queda,"Carin Leon, Gabito Ballesteros",74,0.9461872629881224,0.2385300566482637,1.5477835475857202,0.3617133492919976,1.0552306899197283,0.5941443438943419,-0.68342748938471,-1.0510970687171288,0.9251012459902637,0.6161400631861487,0.6421995063786746,0
Como Pacman,"Alem√°n, Gera MX",68,0.50681843458711,0.5829383663169756,0.09791723734151216,0.2531167970157183,-0.9749988753546722,0.3004536834476089,-0.8507022108941301,-0.16010074467906182,-0.39845735602755056,0.3461260488681004,0.730184500885298,0
Morena Canela,Chino Pacas,78,0.533930405451442,0.8611622744734851,-0.4620346625766387,0.594264536819567,-0.7804254921562688,0.4269898067491487,-0.9350861061435111,-0.34379026132745344,1.1312901510317805,0.07600738347471321,0.7646098429035775,0
En Otra Vida,"Yami Safdie, Lasso",79,1.1729468792609432,1.3599664559619216,-0.1851309440491423,1.0162001342335054,-0.9749988753546722,0.48603066831164726,-0.06907215247013561,-1.0510970687171288,1.0027540106864752,0.9071978563837381,0.891734969581824,1
Ella Us√≥ Mi cabeza Como Un Rev√≥lver - Spotify Singles,Airbag,60,0.16754939094294152,0.5746583642457407,-1.628356750000891,0.1488622634968296,-0.9749988753546722,-0.9983204470508152,-0.08693927804534882,0.19250077630238774,0.24537874351563496,0.5671035031271356,0.36189545381459326,0
KINTSUGI,HUMBE,80,0.7053613318829907,0.4487186848315356,0.9744043253225388,0.7147403845934023,-0.9421616419608364,0.15402541463764124,-1.3024879360995767,-1.0510970687171288,0.15750533833369218,0.8239056013765674,0.8032638814916268,1
UWAIE,Kapo,87,1.0987907532163212,0.8600709231496513,1.554021495364414,0.962368146704755,-0.9173104138522044,-0.03392197117962019,-0.9255502899346805,0.7845757647518046,1.053471764978013,1.04104196189497,1.2924745628367968,1
Pa‚Äô Qu√© Volviste?,"ELENA ROSE, Maria Becerra",55,0.0953317878218338,-0.28902717554424523,-1.618215713480423,-0.18437271973412325,1.1013267892050362,0.10937895627141823,0.21841316582880144,-1.0510970687171288,-0.23179147868222694,0.6246715483957178,-0.09680597604441579,0
Una Velita,Bad Bunny,74,0.907098592662588,0.8991738125457349,-1.0658440561941789,0.8713041793811134,-0.9656285597321597,0.7580702240272764,-0.3761800644232988,1.5134014914567766,0.7178130280178879,1.019492840184162,0.6587295136954483,0
IA,"Clarent, Mora",80,0.976486537970466,0.676158583366114,0.9765226652210414,0.843286366648096,1.1137841536470496,0.97919203321859,-0.6536660990731775,0.32490441311133467,0.8109380309525673,1.055248800573058,0.7066269392648481,1
Tengo Un Plan - Remix,"Key-Key, Ozuna",41,0.039270584057993455,-0.20341209392448104,-1.6036468473822583,-0.41862286486354977,1.1193602807891347,-0.4761824674212492,0.9243192683533268,0.46500962542266616,0.03846014012747191,-0.721934018945033,-0.40166414127809763,0
Siento que merezco m√°s,LATIN MAFIA,73,0.7024652227243882,0.23571964165409637,1.5402566382452862,0.6168686630488094,1.1193602807891347,1.1137579940388591,0.9332661078648112,1.01579576515112,-0.0013819253791331515,0.93948951962644,1.0417601022523075,0
No Me Cansare,"Sevdaliza, KAROL G",66,0.2629320275596424,-0.08347326514455829,-1.6301341725351308,0.19629232442165193,-0.8963069573474473,-0.15840753167918237,-0.0905113237007309,0.06077412784026494,0.7542459451148715,-0.2966218786053197,0.1444143437926806,0
AY MAM√Å,"Tito Double P, Grupo Frontera",85,0.8791601287679031,1.2388486559713654,-1.3425418729133562,0.7055788248798404,1.0460072663556383,1.2821896316294459,-0.9184117554455189,-1.0510970687171288,0.3909107789255857,1.1477312894697131,0.8236674387270648,1
No Son Doritos,"Clave Especial, Luis R Conriquez",81,1.2903120520640887,0.5815761569248161,-1.068174021473187,0.8701756744808868,-0.9749988753546722,-0.21185237657971304,-0.8688154213909453,-1.0510970687171288,1.238973184844071,0.9391885109586595,1.0398139653290055,1
Frente al Mar,Be√©le,78,0.258857473699244,0.8468076148620244,-0.4580466371241511,0.545472161283939,0.991072950139291,-0.37751054538939566,-0.9045419378496002,0.5933525670235744,1.581163239032344,0.7552613001116213,0.8883951135814782,0
Soltera - W Sound 01,"W Sound, Blessd, Ovy On The Drums",82,1.1059683731592869,0.4593918382027003,-0.17484202866970527,0.9956620775640642,-0.8786811858531377,1.1702865314820308,-0.8858511159592788,-1.0510970687171288,0.736655812970048,0.7078806933758002,0.6325975425717437,1
JACKPOT,"Belinda, Kenia OS",72,0.14896729856727367,0.32426725134783796,-0.4614451018475734,0.24014461442948057,-0.9561529746370008,1.1299603744060003,-0.8041356702665852,-1.0510970687171288,0.3082797968286233,0.3791004416489553,0.8904957164759275,0
noviogangsta <3,Emilia,77,0.2759133935290193,0.9753907250309481,0.6899303269468099,0.6884972580312043,-0.9749988753546722,1.7471706736694488,-1.3246014812565938,0.12895916040281988,1.3898644946548373,0.30812892905701394,0.854609952926472,0
Giza,"Natanael Cano, Oscar Maydon",82,0.6458195212083927,0.4447968325298583,-1.3368606075638436,0.9015645662003069,1.0522503726515677,0.22865489848200396,-1.236331714196983,-0.4611979633566939,1.2064404170980354,-0.05075231946274532,1.0683025635904573,1
DOS D√çAS,"Tito Double P, Peso Pluma",88,1.174363446656653,0.2936125275373648,0.41557061306139176,1.2532431755646185,-0.9272024706795275,0.5497670700387753,-1.196507734164653,-0.2600544158678343,1.1368467873764265,1.0223056140427844,0.7887945828632933,1
WYA REMIX RED,"J Abdiel, De La Rose, Yan Block, iZaak, Jay Wheeler",80,0.765733830545441,0.7464182746370597,1.5400649845813288,0.6821869427837255,1.1193602807891347,-0.14943341680639385,-0.5485593508958474,-1.0510970687171288,0.6475617594382954,0.46877616909678704,1.1304302641534922,1
NO PIERDO LA VIDA,"Calle 24, Chuyin",77,0.7351116751627311,0.9793152979433206,-1.6229588169328417,0.28890194198609576,-0.9158627519478882,0.6676206367959793,-0.9068992455701305,-0.8369660804117172,0.6349302340397026,1.2329902402304973,0.8174554947760677,0
Rey Sin Reina,Juli√≥n √Ålvarez y su Norte√±o Banda,85,0.7001845293371842,0.11471832780513372,0.670855095637339,1.2258816351569113,1.1193602807891347,1.7638493174413192,-0.5688310562247966,0.9902721746513256,0.728690454015731,0.44481109972254407,0.7247236833240405,1
Tal Vez Fui Yo,El Padrinito Toys,80,0.4918625838363134,0.2771477906288822,-1.5838389057359146,0.8739581197092984,1.1094922602992123,0.996786273557104,-0.9464460970809995,-1.0510970687171288,1.5235534015426437,0.8275273194454837,0.8905662097645276,1
REGGAETON MALANDRO,"Yandel, Tego Calder√≥n",65,0.5585492223681314,0.7651158488882717,0.9814360138322713,0.5593815519001788,-0.8739916935955551,0.05509887890708569,-0.3177142314022738,0.6910090597770064,0.15369880459729815,0.8451593360163073,0.23208494304514052,0
Colours - Captain Cuts Remix,"GROUPLOVE, Captain Cuts",37,-0.22697053486599714,-0.7052065239775992,-0.45064340965871597,-0.507030096197089,-0.9749988753546722,0.3453885661775279,0.4680915818941727,0.9987762776884395,-1.6156661807881578,-0.4844245971950249,-0.4771526336541417,0
The Nights,Avicii,82,0.3468077363034638,1.3716813183484906,0.9228338769806161,1.1481143193921421,-0.9749988753546722,-1.2241400787535843,-0.43561084188398363,-1.0510970687171288,0.32579427019932644,0.7949734960064118,0.4524791291566156,1
L.A.F,BROODS,0,-1.7672571623054536,-2.363934337432427,0.6981297408440995,-1.4688319124513387,-0.9749988753546722,-1.064484247666535,1.3337972977964945,0.7998743748835347,-2.602606040277294,-1.6619231188522459,-1.318924215375616,0
Cocoon,Catfish and the Bottlemen,0,-1.6722893758275876,-1.4218241296742986,-1.343833486907711,-1.6034015300631193,-0.864858875595521,-1.878015442500813,1.2237033361438892,2.526126223585326,-1.6551207861939656,-2.278698434724071,-1.6982397219907246,0
Crystal Ball,Death From Above 1979,31,-0.6751172619904037,-0.29340845150845757,1.5381710138480107,-1.0468617996042264,-0.8480504208323245,-2.1730702270394358,0.5798575208470214,2.225989403443851,-0.838787383745675,-1.1001038114725818,-0.8734003320059606,0
All Or Nothing (feat. Diplo & Bunji Garlin),"Elliphant, Diplo, Bunji Garlin",38,-0.6598932816999704,-0.20225525215286638,1.2418888676081914,-0.7109333038525549,-0.9439963844047808,-0.5534821963364233,0.5794326279456558,-0.7449414015134113,-1.9294679729741875,-1.2608873746741458,-0.3061224034452663,0
Purple Light (feat. Doja Cat),"Elliphant, Doja Cat",38,-0.1694407594765442,-0.34840086178616253,-1.618992845146966,-0.5576907645558465,-0.9749988753546722,-0.26026048658362505,0.22581691710532875,0.15869345961090225,-0.7319751890404644,-0.9567772141923344,-0.6379370232418835,0
Come Alive (Shining),FMLYBND,38,-0.4232245222462148,-0.1145201851547927,0.3869630289711654,0.006795968811526789,1.1193602807891347,-0.5082073861165975,0.463961021550009,-0.8995055520121195,-0.37939726564466175,-1.044641241080797,-0.3864493331898233,0
Are You What You Want to Be?,Foster The People,52,-0.23992910234084985,-0.10637987834521195,-0.14494659454801959,0.04975614689755741,-0.9749988753546722,-0.0638875884797047,-0.26855808607583675,-0.33924995026359495,-0.6088473118689652,0.1510684399555582,0.48266598890350676,0
16 Years,The Griswolds,0,-1.8469601424740283,-1.3199845237517898,-1.5843192535478106,-1.9659971468408233,-0.9749988753546722,-1.4730458120473338,1.3154335620026587,3.220336341343728,-1.3639931446303304,-1.3777309689785693,-2.0147570819563643,0
Busy Earnin',Jungle,0,-1.5028988620421528,-1.5710907056413055,0.6699729063595437,-1.5782921115625421,-0.9749988753546722,-1.8960353006425386,1.876435942883986,1.5070606809566833,-1.2901921397041682,-1.2426681536846609,-1.7319811530669829,0
Around Town,The Kooks,47,-0.42397412151011565,-0.7362045807635201,1.5223659175604387,-0.6247151070853764,-0.838084267680608,1.0148996751357826,0.4642466746827754,1.2891155158360663,-0.3337608142964051,-0.37380392648124594,-0.15065939144287704,0
Walk,Kwabs,53,0.24072540977468185,-0.19004554945724475,0.6826724925554138,-0.4444113113284004,1.1193602807891347,-0.5139555070235741,-0.36692104532130265,-0.8946060557711573,0.351944050797691,-0.12987109951714526,0.04896554053897672,0
Palm Trees,Lowell,0,-1.6983490868232538,-1.0321835916276605,-1.6396291801085678,-1.5999052297174956,-0.9007983323950092,-0.9039430176377067,1.1949921766332938,-0.1496589489978918,-1.3602662909483114,-2.467155964080184,-1.76899907309733,0
Tonight,Magic Man,37,-0.33952679149847675,-0.7790227757589095,1.2585501894750957,-0.5156372566791214,-0.7088215624554697,-1.1553908889497104,0.25919665545203,1.2597305496543658,-0.444917792512006,-1.023955642879457,-0.828071587618368,0
The Valleys,The Mountains,40,-0.6559340087131063,-0.9477566613182618,0.0913228843622829,-0.7499878745995854,-0.9749988753546722,-1.193741903738912,0.6431615036052218,0.23639567128838598,-1.401628859778014,-0.1538977062768317,-0.39741141959100196,0
When the Day Comes,Nico & Vinz,48,-0.6633869230479728,-0.15750469174094037,-0.7694097486928487,-0.21070949145677184,0.9172529008024879,0.2281451229880192,-0.16428256418105003,-0.6337254326705083,0.9528867499138587,0.39204205221407556,-0.07153760135920167,0
Everlasting,Polock,0,-1.8753589202547856,-2.2349709969155604,1.266550761237226,-1.737113551335994,0.9431748630126687,-0.15646781739627902,1.187955626543275,2.0725722904854966,-1.3525563905948959,-1.1426850856977895,-1.4414721837671631,0
My Type,Saint Motel,66,0.215395358194271,0.28860092486610966,-0.19363745692648107,0.27281280927398494,-0.9749988753546722,0.21940869592590986,-0.31751233425005987,-0.6143334877671156,0.6391270133548101,0.6291732818956319,0.048350268379068494,0
Wild Heart,Saint Raymond,34,-1.1421191501447046,-0.48958422951641084,0.666122432050824,-0.5937562415437513,-0.9366947549474415,0.016228253079876364,0.6045618833330704,-1.0510970687171288,-0.01752248408207486,-0.41772986753330726,-0.35355474423888616,0
Brasil,Sante Les Amis,0,-1.9127130852026684,-1.7367590650907265,-0.7693929356586352,-1.8532637509363803,1.0197825728088934,-0.35943794335551393,1.1829094532724052,1.8448885140490092,-1.7015247181555302,-1.3674857188947191,-1.947890176717839,0
Sunrise,Slaptop,0,-1.754038844084925,-1.7079251448764932,-0.18741649920612977,-1.3161438198264541,0.9123317641187912,-1.9322254680718545,1.404646263124891,1.0939964666934456,-1.8620568206891366,-0.9871691574865368,-1.39019593653052,0
Sunshine,Teddybears,24,-0.5848315156511454,-1.6077883153221224,-1.6314631957932375,-1.1140332631248813,1.1193602807891347,-1.0080386214427923,0.6862355469343872,0.4360774612480995,-0.31103535838917473,-0.5001472142342105,-0.8966403292396016,0
Pressure,"Tensnake, THABO",37,-0.7530499772528604,-0.5253786248457597,-1.6260569708988566,-0.8478631909844023,1.021567725168536,1.1501438525640177,0.7505510249405875,-0.2013801399796611,0.1980206195261216,-0.45522282263108466,-0.3229887741284303,0
Hit It,American Authors,0,-1.9505884421351047,-2.523638528049019,-1.3374499439824692,-1.773710144267602,1.1193602807891347,-1.9579200236136853,1.5629806717044636,0.012885395561266024,-1.9451209902336224,-1.8659101349125982,-1.6316922592355951,0
Alive,Empire Of The Sun,0,-1.6663205048788459,-1.2560817594748148,1.2575527901840988,-2.194440434440315,-0.9131221249533656,-0.6087845771311284,1.4846667220277614,2.4052506463507233,-1.6010764835757498,-1.3891189747661834,-2.094938255854388,0
I Know It's You,Guards,30,-0.6225680409172379,-0.7365765531693821,0.44483429911957184,-0.7350016992508002,-0.8581072324284273,-0.9444887047124703,1.0134716233137424,1.9639757185340676,-0.9072881123714629,-1.0063745010786642,-0.5570666720883065,0
I'm with You,GROUPLOVE,33,-0.18459167856825484,-0.9317736613158146,0.38659654509487223,-0.8547143090639281,0.8916315465514837,-1.4478475636918786,1.0996774797871307,1.4315147716878567,-0.013945373651987097,-0.5784297832747947,-0.605615187697972,0
Dreaming,Smallpools,48,-0.3126041275700204,-0.02948962582812834,1.2556094379726297,-0.37936562089970993,-0.9749988753546722,0.8430175312353557,0.5211763695917335,1.0100724976574078,-0.14963661684098287,-0.3154575874532581,-0.33484014273401447,0
Worship You,Vampire Weekend,0,-1.8906806132366683,-1.1051742329921086,0.9652480117099593,-1.7522384235978685,1.0798262755412267,-0.8907052818321388,1.2138808183371605,1.465590256870495,-1.1721888765231128,-1.97202398618929,-1.37522264262165,0
Little Games,The Colourist,0,-1.7118735929211326,-1.3597822020221282,0.4168657547929757,-1.369977632894366,0.9796172279866991,-1.0275907869954672,1.6454754767142532,0.1873451572331622,-1.2313425630694492,-1.5167083532695722,-1.7743345554228271,0
On Our Way,The Royal Concept,49,0.27775907046504344,-0.3673626153589912,-0.7563575372362423,-0.3079004223777026,-0.9620686691709466,0.8899271541709757,-0.22767242953409422,-1.0510970687171288,0.3776475166768493,0.49933577339555885,-0.528167462816117,0
Love Me Again,John Newman,0,-1.4316680807185018,-1.5412914120748222,0.10144529730653885,-1.9095049449040258,-0.7930391902570237,-2.160367490111638,1.5468323950485265,-0.4171839103063635,-1.199560048512093,-2.166153428393614,-1.563903176557794,0
Purple Yellow Red and Blue,Portugal. The Man,52,0.16660941297575052,-0.12816477161732157,0.9514996176854276,-0.1357562138039797,1.0930502092254095,0.8733741075745803,0.346847818590662,-0.8364757880049732,-0.06595109760975902,0.2546923500629236,0.1470365035753934,0
Am Ende,OK KID,35,-0.8847788413284855,-0.5720330906526242,1.5501245246660946,-0.6862106148976256,-0.928277541301003,-0.37791131489469704,0.22897711411337812,1.4013790697857906,-1.3560922462797567,-0.9507993278636815,-0.19448690846116454,0
Voc√™ Diz Que O Amor N√£o D√≥i,Marcelo D2,47,-0.21911318445705968,-0.08020562023890282,-0.1735200022826611,-0.41377541335121376,-0.9721814234126864,-0.15995360022399638,0.21694944155816018,-0.5795935481486788,-0.4701671238721621,1.263153327830384,0.005487274075677366,0
Compliment Your Soul,Dan Croll,39,-0.13185342707103972,-0.22318539234671717,0.08936323748067616,-0.7989777427957292,-0.8968513003607276,-0.7639261341720369,0.5360227111143097,2.139691620551686,-0.2240640236922953,-0.09547698842928853,-0.591610140245834,0
We Sink,CHVRCHES,0,-1.3236068312082594,-0.9090252233211319,1.5348813342926853,-1.3541547117878223,-0.9007584724549403,-0.8184519036315369,1.4857145189745338,1.874275933293049,-1.3868209282159063,-1.3007487184984057,-1.259023000944895,0
Panda,Astro,0,-1.9452316213536547,-1.803662098953061,1.2502018051101722,-1.917508163978133,-0.972366434185555,-0.9662335596500792,1.8944164674222896,2.712892901213491,-0.24030326949450195,-1.4552221767430549,-1.6036912763705156,0
Feud,Band of Horses,32,-0.5393613962425865,-0.45608096049967917,-0.7533410513003741,-0.37788226614014514,1.1193602807891347,-0.19065015279245837,0.9513215472983887,0.2857761828739784,-1.1549669726457463,0.47569427748560467,-0.32619995779442224,0
Speed The Collapse,Metric,0,-1.7630583394226795,-2.4553684924726102,0.9700551735763158,-1.623397190579347,1.0088179789140275,-2.414918710337471,1.4994067813495047,2.36572589638434,-1.4338951961288138,-2.371420462741846,-1.2993522844887706,0
Goldrushed,The Royal Concept,0,-1.342491360740431,-1.4596806050001934,-1.6326063809400397,-1.5083037759509004,1.1193602807891347,-1.09335314271539,1.0840966847567561,1.3394735394173147,-2.2075891067366733,-1.4520512388018785,-1.6035956979804413,0
We Come Running,Youngblood Hawke,0,-1.3902601461286694,-1.6570288918650455,-1.3332031298422296,-1.6004375257482488,-0.9241183135886027,-1.053061357176808,1.5156515081038189,3.0436040613542876,-1.8595955055437208,-1.0280917681426036,-1.6500008793765728,0
Quesadilla,WALK THE MOON,40,-0.257912415096535,0.1051280710024968,0.9503625909567687,-0.22855695076363286,0.9782516515777725,0.06228759384519231,0.9349984735000466,0.3092959744663142,-0.602495511477916,-0.31835986057955323,-0.1952243250304834,0
Sleep Alone,Two Door Cinema Club,0,-1.6403074845401953,-1.481315079363543,-1.324907420985782,-1.5625216876983365,0.9145459695529796,-0.6717682597235579,1.3530074779166572,-0.6979521046643307,-1.670727244003477,-2.206154594946295,-1.6285509562992648,0
Escapee,Architecture In Helsinki,0,-2.0033750684280687,-1.883219348380821,0.09943549231944135,-1.5099279116015132,1.0849678493243948,-0.7113412762162646,1.835401964292115,-0.036417102097145305,-1.9420437214319424,-0.6569895221488942,-1.6700341055586732,0
Open Your Eyes,"Alex Metric, Steve Angello",0,-1.658680156824959,-1.643331760837284,-0.17655713611018123,-1.6373090774366121,0.9579022745860828,-0.9327202134599916,1.4534913075089402,0.9189147827217753,-1.9876680912510256,-2.272623543500581,-1.9778920089076943,0
Not In Love,"Crystal Castles, Robert Smith",0,-1.8011073782586153,-1.7921009856217611,-0.46840279384219125,-1.4514109206658572,1.1193602807891347,-0.810007915703208,2.128760127307601,-0.7275129882067752,-0.2892037245381548,-1.8418437520740563,-1.694451676063208,0
Circles,Digitalism,0,-1.9479520974038136,-1.556605451086039,-1.6295211563092054,-1.6312654152519213,-0.9749988753546722,-2.012754806780658,0.9504832179269345,1.194336885980943,-1.6797294436576775,-1.2144950253961178,-1.6062176366603456,0
Punching In A Dream,The Naked And Famous,0,-1.3747594061079074,-2.069176567858735,0.3940668379687605,-1.6412357003909668,-0.9749988753546722,-1.94648060865227,2.0873462911263645,0.748700953642244,-1.9922797731976432,-1.4637164197000927,-1.7154455880284363,0
Will Do,TV On The Radio,0,-1.8843528685828461,-1.370913177066851,-0.4871962546620804,-1.8817564876204171,-0.8634920944608437,-0.9862364562117523,1.6855211114213884,1.3796859235874546,-1.7304993861747562,-1.6594710316793484,-1.75517456478431,0
Call It What You Want,Foster The People,0,-1.4616215382741005,-1.3995537615385727,-0.1981522625222253,-1.6660333481490897,-0.9749988753546722,-0.705905199684494,2.007956007672457,0.5876128872141105,-2.0954271151745414,-1.1425545221652758,-1.458669186058151,0
On Our Way,The Royal Concept,0,-1.9712059567314726,-1.3947974994807018,0.4027249498371905,-1.4414505117206495,1.0276632875010683,-1.1809372738904944,2.0028999886516816,-0.5692679490435005,-1.731116385590934,-1.8762982803390975,-1.8366962388503578,0
Professional Griefers (feat. Gerard Way) - Vocal Mix,"deadmau5, Gerard Way",0,-1.7478004971969032,-1.0336944875161953,1.5251763646716645,-1.837419925365716,1.080344441201745,-1.9634379173693524,0.6111372902115858,2.2563121621206577,-0.7770348827880925,-1.902696858998492,-1.5275759693389852,0
G# - EP Version,Kitten,29,-0.7347026561009574,0.020570892152939682,0.9689364910722414,-0.8071835859720415,1.059809673428735,-0.6319138385104405,-0.043931564792189806,1.2575677240898935,-1.5282088199732713,-1.078121190202935,-0.6488638616025657,0
Rules Don't Stop,We Are Scientists,0,-1.7375841771950933,-1.721526338076719,-1.0445631221075886,-1.5211509543055464,1.1193602807891347,-0.8839868707355549,1.3503664720559327,-0.10097594492364312,-0.9578644225679772,-2.4493033493490803,-1.6939180894724017,0
Rhinestone Eyes,Gorillaz,74,0.6546773530292737,1.2001703111133675,1.538543078271918,0.6859614360969397,1.1193602807891347,0.5121392836066857,-0.9217336809521036,-1.0510970687171288,-0.2846034136439528,0.9277830927146733,0.6616135471834425,0
I Can Talk,Two Door Cinema Club,0,-1.3608126957807214,-1.3020932584812326,0.11688818558726194,-1.354888715947968,0.936453476051098,-1.7431249795111319,2.003791002761709,0.20462913667520397,-1.7256414542896394,-2.1696958423617216,-1.7506709192744883,0
Flashbacks,Ram Di Dam,0,-1.3442307221811751,-1.6109499135498238,1.5688965130748453,-1.7109224378688903,-0.9749988753546722,-1.2863317726811525,1.7815356615699633,0.12321010228556589,-0.8519345910993679,-1.3823074935367012,-1.9669424152255504,0
Fire With Fire,Scissor Sisters,0,-1.4645694757372938,-1.4687574908368486,-0.7691661755946867,-1.684424530689312,1.093285727559097,-2.3788953363414618,1.508329911565326,3.404728218385466,-1.0786722977707712,-1.783743934317593,-2.1448460643942635,0
Don't Turn the Lights On,Chromeo,32,-0.22880033001691386,-0.6944284261930392,-0.7801405254358099,-0.9244739082204401,1.1193602807891347,0.20540079368649117,0.2724179525851471,0.19199428957577722,-0.7370987406524404,-0.9399707440752105,-0.7744350632468112,0
Controller,Howl,30,-0.7080907489636176,-1.231279878640666,1.2593065755799173,-0.8973288460028592,1.1193602807891347,-1.8729179682170467,0.3502073342628824,0.8984146149456621,-0.5185838376096022,-0.27848055606244343,-0.9966488227636829,0
Can't Sleep - Radio Edit,Adrian Lux,0,-1.4720839521297737,-1.4152385560947096,0.08769275793079866,-1.8243789914270274,1.1193602807891347,0.21287856636312902,1.8437240158785202,-0.2520824862164535,-0.8557038197929614,-1.2860940989755472,-1.687603018060419,0
Ace of Hz,Ladytron,0,-2.3092413366771747,-1.4246967295208433,0.11119033171981914,-1.4902885460864685,-0.8796190105403983,-1.2421569255129359,1.7311523239426052,2.1577388514813998,-1.0383205325613942,-1.929857147319915,-1.6390709154140366,0
1977,Ana Tijoux,51,0.04009643842920013,0.10561498115044196,-0.179711174995784,-0.4816938416469047,-0.8566654446480856,0.7079449752648007,-0.5019290786881916,0.03475866593975517,0.7444935040060986,-0.2755787355879329,-0.1467335273772485,0
Around Us,J√≥nsi,28,-0.7526302368366399,-0.8588913689803126,-1.038789492595115,-0.639044520857317,-0.9749988753546722,-0.703471253024305,0.02429070583742026,0.38302998517443804,-0.684813239865187,-0.7172741349261323,-1.024116094216494,0
Paper Romance,Groove Armada,0,-1.6583539463194301,-1.3344033504953778,-1.0793908468986804,-1.7875478593196235,1.1048348601134688,-1.2969551350792492,1.8532434997260188,-0.6539714486585164,-1.0888195710772448,-1.3308843171351996,-1.5021030652315777,0
Break The Spell,All Mankind,0,-2.0513300247967012,-1.6362424635517614,0.6682185612871001,-2.0213310434340825,1.070932604326959,-2.0296467670736122,0.9622984689532811,0.8616869726991911,-2.263114199352642,-1.9726170929824218,-1.8912070116468804,0
The Phoenix Alive,Monarchy,26,-0.6569838106485573,-0.5186654371085276,-0.15996202284077196,-0.5609328648580617,1.0089840574295574,-0.32002090435461594,0.784414082234561,0.5714837789390395,-1.411741926019071,-1.2290829078909309,-0.8801417298443358,0
City,The Medics,0,-1.8810629747172944,-1.918756147703806,-0.4504986770900638,-1.6518651194285043,-0.8584405250302821,-0.692808539920642,2.5280438633524334,1.0937252138874083,-0.991564455289746,-1.5790043754774108,-1.788713438898141,0
Levanta e Anda (Trilha Oficial do Jogo Fifa 2015),"Emicida, Rael",0,-1.8264551945178016,-1.2709301373744337,-1.0462712270689958,-1.85790751084709,-0.9749988753546722,-1.2398391163933555,2.075010863481108,-0.5715999103649579,-1.450525950958332,-0.745026082248173,-1.8522612008805528,0
Bye Bye,SAFIA,36,-0.8563254501150356,-0.7618673518905378,0.9847746170997802,-0.4662350046176558,1.1102235447155233,-0.5777650316895806,0.6180398302682215,-0.4458347605859591,-0.41258198396180384,-0.8460147046552562,-0.48534719168536655,0
Walls,Slaptop,0,-1.9084259582659304,-1.9131703105620452,-1.600104369154803,-1.7054698981411456,-0.9143643648603009,-1.7748643237249544,1.543203814924455,1.414110341912407,-2.019073614548192,-1.6747995942923104,-1.595599652170972,0
Hurricane Jane,Black Kids,21,-0.5948154539416798,-0.6292565556331393,-0.18610674083920883,-0.9783205056958564,-0.8520325571542056,-1.1340709666886006,1.537633548712391,-0.11988365177451454,-1.0782202104798497,-1.2510302029106375,-1.0032168355499904,0
I'm Not Gonna Teach Your Boyfriend How to Dance with You,Black Kids,32,-0.8489247269968442,-1.2867340819190551,-1.6223934427214903,-0.5548927065865082,-0.9567212603964702,-0.7695291870279156,0.3638430629005909,0.3443693807661329,-0.8030201173940018,0.2236631435827729,-0.8328826821822187,0
Kids,MGMT,76,0.8337047372340065,0.47020092274840986,-0.20053057839945598,0.4264306154864995,-0.9293036969259137,0.4044471365569048,-0.3576932201880075,0.36638626807072583,0.2772912971671315,0.09892116919870443,0.846484482985321,0
Electric Feel,MGMT,78,0.42961888122336606,0.9108851864171997,-1.051364190008233,1.0566803667974631,1.1167619960238273,0.6176546182767289,-0.4937143009015839,-1.0510970687171288,1.0610085819730224,0.6813591914517173,0.731037553052264,0
Magrela Fever,Curumin,0,-1.6308227196608478,-1.546950995566871,1.271802135915517,-1.781255276975694,1.1193602807891347,-2.1300256210884334,1.7380294573351474,0.3754876051668427,-0.4287860724301662,-2.2109507237337263,-1.6953051027944845,0
Again & Again,Keane,38,-0.34730220014448593,-0.7122958104569402,1.5497161063828933,-0.46768117059737013,-0.9749988753546722,-0.54238352195461,0.8475526954933166,-0.6086493161335306,-0.4116476633683761,-0.4515554468796491,-0.6413817710076852,0
Dirty Little Secret,The All-American Rejects,64,0.49044974273082764,0.6164641434296403,1.5433901535771815,0.3794508650852831,-0.8416958315393794,0.9125958744959792,0.19285442132915154,0.787190606560259,0.7163174764040221,0.29012431020897494,0.30159957897803946,0
Just Hold On,"Steve Aoki, Louis Tomlinson",55,0.21373421293359351,-0.40848187372887934,-0.46024769318006836,0.3586761446620323,-0.9749988753546722,0.10244992400570181,-0.4305807476498315,0.11593290119490957,-1.7257564323864927,0.30853970127296143,0.23377246653686923,0
God Knows,Mando Diao,38,-0.597893262511897,-0.2915275418435907,0.39438349765921027,-0.5534530131503606,-0.9735581860966673,-1.2348890652436646,0.5011218915119954,-0.1960900128232368,-0.8462942958190943,-1.0178924636426667,-0.6988435271041366,0
Helicopter,Bloc Party,2,-1.320246859799153,-1.1041585257482978,-1.3446722519751626,-1.688516920438917,0.9989087514672288,-0.5239908019403395,1.673772815602186,-0.6909870671279041,-1.760051686366364,-1.0491313534739193,-1.7382764324339017,0
Black And White Town,Doves,39,-0.4349401914857949,0.1587262274767791,0.6988557857865573,-0.3174499440432113,1.1193602807891347,-0.16239007594192684,-0.007289471137409269,0.169474323321504,-0.8796070641859343,-0.1314416283923795,-0.6022492297284843,0
You Are The One,Shiny Toy Guns,0,-2.227183412472663,-1.8789940375357475,-1.6051146556985878,-1.4902553253583248,1.1193602807891347,-0.8492127525287558,1.6504101544031666,0.8075914523546107,-1.852037541079031,-0.33328534107094626,-1.865176560193582,0
"Dear Scene, I Wish I Were Deaf",Nightmare Of You,0,-1.4982956285542706,-1.3326733923442293,0.38579305172236195,-1.54249468725346,1.1193602807891347,-1.232582110461486,1.7449120207119861,0.40275105970342434,-0.8454727142416527,-1.2405862990201508,-1.6207346933420277,0
Gone up in Flames,Morning Runner,31,-0.4314182985886083,-0.32952613208136045,0.3970554444145254,-1.3378570013855884,-0.9749988753546722,-1.470437635525039,0.5401839790085231,-0.8805773696038774,-0.397932840119564,-1.4820886275109435,-0.2697338168965101,0
Supermassive Black Hole,Muse,78,0.9798404732338387,0.47118041613544526,-0.7534766653694531,0.9030657897555828,1.0692880826525482,1.010348736485761,-0.9522392524704055,0.3009402896970378,0.8963120647443037,0.1700707811129681,0.8128592767542764,0
Flake,Jack Johnson,0,-1.276520514560232,-2.2464901249667975,-0.49005173483540426,-1.884982732122085,-0.9135026293482086,-0.2628357296386953,1.3816259459264615,0.7688826800669506,-1.7832038326363113,-1.9217867248773333,-1.634359455228388,0
Moving,Macaco,30,-0.745681132891473,-0.9826337065038269,0.6572303388903237,-0.38725164093014197,1.1193602807891347,-0.49973181502681496,0.37852493993991,0.8250034429317358,-1.0715340801339475,-0.5745397411216749,-0.5654328426263735,0
Verstrahlt (feat. Yasha),"Marteria, Yasha",0,-1.660231197192274,-1.7894944534050339,-0.7595563017403728,-1.9692707049591958,1.1193602807891347,-1.9481634580895157,1.2649402543192885,1.22261325754422,-2.3590964308983993,-0.3849498108826267,-1.5632547994750485,0
Colours,GROUPLOVE,30,-0.6692149924915332,-1.1116977073179461,0.9622849036859936,-0.31247330985524524,1.0026688968751525,-0.8853853750522185,0.48774746675478453,0.6220673092633586,-0.0307472446699936,0.02071695781316745,-0.5564000000732859,0
Stare Into The Sun - Edit,Graffiti6,29,-1.104288488422982,-0.6350746601423699,0.10367126182017135,-0.6643193931589788,-0.9144965478817841,-1.8544601236614338,0.17096742130948409,0.011458596221730491,-0.9227714666300584,-0.6388179841593259,-0.737169095606242,0
City - Jesus and the Christians remix,"The Medics, Jesus and the Christians",0,-1.8058233798014414,-1.683804147987193,0.38566390936480194,-1.7648857783181338,-0.9675563186530248,-1.3961656908548497,1.9525145911613044,3.104221156138749,-1.1008764357469252,-0.9387873026709334,-1.539852345430802,0
Finale (feat. Nicholas Petricca),"Madeon, Nicholas Petricca",43,-0.07140543353412945,-0.7015144982245415,-1.0517414847520863,-0.36979724634079725,1.1193602807891347,-1.36077100784796,0.5758145357159513,-0.8363183217026939,-1.079313618648838,-0.23186086360583608,-0.8535855408629585,0
Shelter,"Porter Robinson, Madeon",3,-1.1137900402103724,-1.1975987191231625,-0.16505836160212428,-1.5844531310843681,-0.9749988753546722,-0.5285764703615047,1.649513896988369,0.49274713450728796,-0.7199081250973006,-2.0864728166001534,-1.4963325787779225,0
You're On (feat. Kyan),"Madeon, Kyan",46,-0.32373103855323293,-0.7054111484414664,1.5358974934309861,-0.19117829934698763,0.8963523191054659,-0.9992848940408662,1.013306730478564,0.45470613802528953,-0.16976346621537602,-0.10008884034378637,-0.06733743690755652,0
N√£o Existe Amor em Sp,Criolo,0,-1.8931527958680017,-2.021929589433323,0.9478998254644156,-1.25368255605965,1.1193602807891347,-1.6217825969326332,0.8934368416181816,-0.04974915164617993,-1.5779541884155093,-0.6975255380086202,-1.7844967719795088,0
La Ciudad,ODESZA,45,-0.3597152009663942,-0.7816923692400717,0.4104898507568593,-0.2859846851127554,-0.9749988753546722,-1.2128518030050828,-0.017503808462045974,-1.0510970687171288,0.19613852184676903,-0.3504346853592176,-0.6538991116611255,0
Midsummer Madness,"88rising, Joji, Rich Brian",10,-1.5801048619653175,-1.2243804201958246,-0.49731683333690685,-1.2181267689036206,1.1193602807891347,-1.0439216240829163,1.5334478549852393,0.5247158020253807,-0.6400315555790971,-0.8057666380560609,-1.5981936504057404,0
100 Degrees,Rich Brian,3,-1.474305468729574,-1.8527526664354317,0.974627297112353,-1.6931878147342287,-0.9672824866117695,-0.6030449727214708,1.403092998677041,3.0564130881693097,-1.4489774619448177,-2.6256580527019255,-1.6481679388110313,0
History,"88rising, Rich Brian",5,-1.2766469268438463,-1.405687103471202,1.2604204406730826,-1.6858563868423189,-0.9248445377573107,-2.1698842176976036,1.7015904637333357,0.3702511570399832,-2.204288562845848,-1.1998593921897174,-1.409807599885826,0
Drive Safe - A COLORS SHOW,Rich Brian,0,-1.6257293732503977,-1.8561911324698825,-0.46043088714981245,-1.636353130005364,1.1193602807891347,-0.730799783753908,1.620812752786886,0.509876393807191,-1.286625221914946,-1.1605099465862871,-1.7813717514264622,0
SLOW DANCING IN THE DARK,Joji,22,-0.7741326008101203,-1.1754789357443394,-0.19613378681554552,-1.0042575745755198,-0.9749988753546722,-0.9768250825101449,1.315422997438939,0.8389000994952357,-0.262842487475077,-0.4947130902934536,-0.9367478002705715,0
YEAH RIGHT,Joji,15,-1.3784809046731152,-0.7101177294796892,-0.7477974499991086,-1.1479821131064052,1.1041725545398111,-0.7699340433393439,1.0636875635717764,1.4664912315347662,-1.2063108184758802,-1.1410862114366627,-1.4194415453085194,0
TEST DRIVE,Joji,8,-1.857731427187033,-1.6579854205814102,-1.043797711652196,-1.2597845502516016,1.1193602807891347,-0.8351840388237008,1.7087601977096647,-0.9376723478293846,-0.8275768534831406,-1.988391298528796,-1.3956719727504487,0
Will He,Joji,67,0.046389485019911,0.004269894024360905,1.522703207582491,0.5462468094738472,1.0895452383949848,-0.03512947952774464,-0.2688880153957792,0.011631057964181244,0.5944170914307697,0.04964236166710899,0.49281824319776374,0
See You Again (feat. Kali Uchis),"Tyler, The Creator, Kali Uchis",89,1.1033059646129315,1.2575766931113483,0.6850593827927667,0.901237039821671,-0.9656249176011384,0.3372296452906255,-1.0645041439037712,-0.8317644698770378,1.055968941113097,0.800261550484902,1.0087136706380027,1
Sanctuary,Joji,8,-1.6417748302032558,-1.0936702238489706,0.9584550926235483,-1.4817571409568473,-0.9749988753546722,-1.0764061864391206,1.5399596574637269,-0.4047264767088323,-1.672875857231533,-0.9668562914882232,-1.0695696317655268,0
Circles,Post Malone,83,1.0002407539770586,1.4179085774218485,-0.45714225635671385,0.5006719767868696,1.0298568904112986,0.03742539611161343,-1.048396465000353,-1.0510970687171288,0.9006948180275653,0.7846575544224806,0.8222395360853785,1
hot girl bummer,blackbear,2,-1.3795868008847272,-0.9585375048488417,-0.7487494559585185,-1.6785632886477906,-0.9749988753546722,-0.7771692502498599,1.7491844840283406,2.6987389438946088,-1.7739876697995305,-0.5817918274979853,-1.1814778203934118,0
Better Now,Post Malone,77,0.7585636328646522,0.1517302010106636,0.9665564086778472,1.090064405882118,-0.8785304464751125,1.0387077599863497,-0.8000164427984945,-1.0510970687171288,0.9262354339969842,0.4420425072087655,1.0335770920600569,0
Heartless,The Weeknd,0,-1.8111391978533213,-1.3474888735695578,0.6898647013176946,-1.674599929032813,-0.9749988753546722,-1.5468269868001028,1.3867741786427594,-1.0510970687171288,-0.71760693171287,-1.6956986192365753,-1.3790937499281484,0
rockstar (feat. 21 Savage),"Post Malone, 21 Savage",80,1.0369576483807534,1.041179348728972,1.54196720372429,0.7944428132992251,1.1193602807891347,1.1515182019336365,-0.7141789449900556,-1.0510970687171288,0.6130516820997786,0.7998392491516206,1.251335726004484,1
Goodbyes (feat. Young Thug),"Post Malone, Young Thug",74,0.3925900310955033,0.6118578424705953,-0.17771418056864582,0.4428670940422426,0.9755919567916046,0.47648349925082667,-1.0487663109444916,-0.43863819894752404,0.23894440789639848,0.045045644376074,0.400208163129049,0
Congratulations,"Post Malone, Quavo",78,0.9641127196089905,1.0598300131804677,0.6609371287154103,0.7661001895289689,1.0210947123572836,0.21001307630277036,-1.31506250602484,-0.22813265957979495,0.8330313758851875,0.44078969213255054,0.8761799875862085,0
Comfort Crowd,Conan Gray,61,0.4815343949667487,-0.3717984971675579,0.6938961424100913,-0.24063926906559455,1.088131886092405,-0.9844370844845405,-0.09841778518629159,0.42817161739215215,-0.5395971696719577,0.4734834741487952,0.40123167786774455,0
Through and Through,khai dreams,0,-1.081821435176487,-1.3635422345311183,0.6807280882232304,-2.1685089097267753,-0.8672883899262352,-1.6413982867178312,1.638977178652899,-0.3971482374503141,-1.9627847601997188,-1.5621932375319152,-1.9763353401572745,0
Redbone,Childish Gambino,6,-0.9946721181153165,-1.121613709670522,-0.7510840727672208,-1.1792023278512898,-0.8409426653461675,-1.727375801633061,1.691499459223971,1.2574470373198385,-0.6435585006552242,-1.2337955767427544,-1.6650597397016518,0
Psycho (feat. Ty Dolla $ign),"Post Malone, Ty Dolla $ign",73,0.9027109904598472,0.4148073299472369,0.103381745651865,0.5020586275270977,1.1193602807891347,-0.31238731175977924,-0.36030037362547085,0.49928570810961426,1.012666226585997,1.652610436244111,0.6109890454743222,0
Location,Khalid,76,0.6758596385727899,0.7902625155325738,0.39108744064535117,0.9608446151601614,-0.9749988753546722,1.1544045772004792,-0.6384986631396931,2.278580498700631,0.6051164404484668,0.10284762623099102,0.6739329065923513,0
Better,Khalid,66,0.4681988038262222,0.9396140630247957,1.5503719483085767,0.5240789714579308,-0.9749988753546722,1.9319850990256937,-0.13417969487734316,0.7361818133540339,0.22673558776431563,0.07500742735675553,0.3148855768580255,0
Talk (feat. Disclosure),"Khalid, Disclosure",67,0.48059000649461847,0.014303104418212888,-1.036961242142242,0.3566062794320007,1.0142107618957419,0.7308353775160151,-0.6527400957584332,-0.09825132609979262,0.42804901594926054,0.455886591481296,0.24019290177983926,0
Hurt Feelings,Mac Miller,65,0.28324524716494687,0.056799481637081935,0.68542390900686,0.19867346909041902,-0.8443181572590812,0.09115865898575083,-0.3762303656587983,-0.18874131953841927,1.1160075934424691,0.012201496352842314,0.28450228564466035,0
Dazed & Confused,Ruel,58,0.5037583397590375,0.1267562058243359,-0.18718641762060229,-0.05173542740358829,1.1193602807891347,-0.38806422784601063,-0.1259053801362824,0.7740554906539951,-0.40044860420829614,0.2220310412534421,0.4644126140246435,0
Let's Fall in Love for the Night,FINNEAS,30,-1.1928154581552424,-0.9117349171621035,0.9556238363072199,-0.7387443828604072,-0.861917746068945,-0.15919429316911335,0.46796791949574656,-0.25563350580833943,-1.1784229281311072,-1.1476755787155855,-0.7076369919802681,0
instagram,DEAN,61,0.3383027765006268,-0.2090722152564871,0.1318977262167722,0.06864994678214648,1.1193602807891347,0.31536084334090425,-0.45558051664002824,-1.0510970687171288,-0.32935757564233265,-0.40675481407334013,-0.10465290508562342,0
8TEEN,Khalid,71,0.15039094228055574,-0.023653769053802256,-1.3098139170520169,0.7204407175289587,-0.9749988753546722,1.1310916420853974,-0.19031919296883867,0.0354096317666296,0.9400485403136125,0.9053855209263837,0.516119291181148,0
Honesty,Pink Sweat$,0,-2.3226568488858605,-1.980480908213047,0.9552039114349515,-1.3531350152705421,-0.9749988753546722,-1.9766820558206113,1.4344672611758973,0.0861378261810291,-1.143699563521845,-1.1652446767833557,-1.7518740396237156,0
Head In The Clouds,"88rising, Joji",3,-1.364592626459331,-1.671526526039185,-1.6475006691225405,-2.0084619690844026,-0.7563355739651895,-1.2944337985435415,1.5891095737252743,1.103935855134097,-1.5682038702214385,-1.5140890058452985,-1.5740901216692966,0
Boredom (feat. Rex Orange County & Anna of the North),"Tyler, The Creator, Rex Orange County, Anna of the North",68,-0.04015524590179615,0.699674697863068,0.3961786967844475,0.2799839906368361,1.0183591487690136,1.3153779498393523,-0.7704137994933085,2.4024193236826594,-0.17232116785780197,0.9551618249400652,0.5260122492322251,0
3 Nights,Dominic Fike,77,0.8618677204165471,1.3284389960241028,0.67359415852872,0.6171124140911661,-0.8227662970223407,0.7256396150100821,-0.6516225491658524,-0.6072766107759888,1.1518146267113791,0.9279350189347776,0.613489785860678,0
Phone Numbers,"Dominic Fike, Kenny Beats",71,1.082282572151573,0.6268228093549644,-1.6277739601079417,0.7867887286315052,1.0414995331605792,1.3352861239695237,-0.6652445457900079,0.3565796719276862,1.088801832358965,0.2761083896758629,0.4764188437646718,0
no space,Alextbh,35,-0.5673232805583401,-0.09534757977893729,-0.7493726581493336,-0.6834796533318428,0.9900969475077844,0.6883346480036313,0.6413246998005697,1.7422781317967562,0.25642533626399444,-0.7880486494853047,-0.6164426405738008,0
Best Friend,Rex Orange County,2,-1.4084718231344449,-1.0008006287756224,0.3896723580498723,-1.656942688495485,1.1193602807891347,-0.7502104393066746,0.9822642768598184,-0.24935193774294015,-0.6582565598891896,-1.879623834733674,-1.4788447835002843,0
Ladders,Mac Miller,67,0.6645511323224591,0.5930551406053307,0.6931266046837358,0.3415232753203149,1.1193602807891347,-0.10909050210080815,-0.5282099002161107,-0.08759541358346984,-0.26327181191597204,-0.4823071307775876,0.5170609840369026,0
Self Care,Mac Miller,72,-0.08619502911763312,0.2067751774912137,0.36934077608897137,0.5135088757313848,1.1193602807891347,-0.12496582759235007,-0.18492119858360156,0.46568946155102386,0.4144747238599443,0.4823322835862349,0.5575021280047799,0
IV. Sweatpants,Childish Gambino,1,-1.3713664605769718,-0.7834582139036838,-0.47010697742909574,-1.6839328451248319,-0.8124570852984393,-0.9980960400740987,1.7654169832320472,-1.0510970687171288,-0.8366408908383276,-0.8866557941467416,-1.6326272831537396,0
3005,Childish Gambino,2,-1.5051498912950187,-1.9361049105483918,0.10177337243709816,-1.6059215617804683,-0.9749988753546722,-0.5700809475032415,1.4906999745785445,0.07059771734650937,-1.9884691672060253,-1.0193744208459776,-1.8320368428383251,0
Ivy,Frank Ocean,83,0.9790677864082838,0.9667648816804405,0.9912314499210999,0.9576670001279923,1.0029283192175777,0.8698971771095801,-1.0641656646995061,-0.8613783510614801,0.8172022457074324,0.7308481224817501,0.5807807685767635,1
Thinkin Bout You,Frank Ocean,84,0.999869794857371,1.0594985087979336,-0.71662271413197,1.331418670320134,-0.9086138236732298,-0.30597158444377537,-0.4578346781631358,-1.0510970687171288,0.2169924207718495,1.10363808581025,0.8026176129769615,1
Lost,Frank Ocean,81,0.6581924957100523,0.6570473244584535,-1.6331841341071758,0.6179475010705453,-0.7866514641832979,0.8776572002476313,-0.7618525462603849,-1.031750427165969,0.15667877430464253,0.11378225337609751,0.9742098193984456,1
"III. Telegraph Ave. (""Oakland"" by Lloyd)",Childish Gambino,0,-1.6329617290692944,-1.535938517100814,0.10885252221203716,-1.657524594215822,-0.8460983374671098,-1.3051113996259238,1.8607896312375545,0.9665085435155015,-1.0548684200721385,-1.3157138519816847,-1.550727518481471,0
Starboy,"The Weeknd, Daft Punk",87,1.0451850026138012,0.7089363176945787,-1.0399490706523016,0.9908104504753384,1.1193602807891347,0.9995184361596402,-1.1083055984402246,-0.8356240616802277,-0.41652908974525066,1.2801305678894215,0.8414254848039504,1
The Hills,The Weeknd,84,0.8731372360289625,0.9928523351836416,0.36787674929830844,0.9230916797604073,1.0766263555654805,0.06982730036415669,-1.083945015633901,-1.0510970687171288,1.3500497541074907,0.6220328365049785,1.0746030755947948,1
I Feel It Coming,"The Weeknd, Daft Punk",74,0.8413377932812282,0.848442402928205,1.5298982304424475,0.7494735963479334,-0.9704803462698632,0.8578091225026873,-0.35693302826804124,-1.0510970687171288,-0.09687650388019341,1.2173410906065003,0.6816052170693205,0
EARFQUAKE,"Tyler, The Creator",82,0.8657714041518398,1.4179085774218485,-1.3282228544886594,0.9126942620830402,-0.9749988753546722,0.8784197402165624,-0.6815184447377175,0.653963342885135,0.36055899698122235,0.2942527933404502,1.0014546896997998,1
Painkiller,Ruel,62,0.042439897904159134,0.21930137802191682,0.3933039967300789,0.3296918474207375,-0.9496831304382968,0.6297061786778756,-0.3827432184204674,-0.3822846581320894,0.2083129432679097,0.2855170300497399,0.10944811130355264,0
Younger,Ruel,53,-0.0347933006277533,0.3070605542264129,0.686736900520958,0.04863827661435387,1.041818895976385,-0.5804874433137904,0.4106125322917407,-1.0510970687171288,0.055680572217862864,0.08900392610115766,0.13762538826510937,0
Sunflower,Rex Orange County,4,-1.7508659571229666,-1.433400371174658,-0.4926564540222381,-1.483588865740448,-0.9373568260948851,-1.9197590998210343,2.222494229401575,0.7062288784933116,-1.8588930558340235,-1.919855487273615,-1.607169018840134,0
Butterflies,Fiji Blue,0,-1.2713251682648883,-1.6538616243050501,0.11836921915954396,-1.3531877822606126,1.1193602807891347,-1.8550551374229205,1.5095964831645268,1.8212603794895055,-0.8705974234468096,-1.8278506127013214,-1.8095770856827926,0
Space Makes Me Sad,Fiji Blue,0,-1.7288701160129012,-1.455102640852524,-1.305245286238739,-1.625356761429446,-0.9241608096859448,-0.4369041949137409,1.1988490290080729,0.7008218996757366,-1.1109346837502345,-2.0074919420080786,-1.7400579006765866,0
Love In My Pocket,Rich Brian,0,-1.55098244830077,-2.2025615285805187,-1.6126709465953353,-1.9592226494848992,1.1193602807891347,-1.5770628967435132,1.486138792897639,0.27477843501207794,-1.3438918241306201,-2.014941670210959,-1.6339382544794934,0
2 soon,keshi,67,0.3901399262057772,0.3559866886905659,1.5413821622533648,0.27002907553087896,-0.9641619726630511,-0.021248805478427845,-0.5514800447688223,2.0308645632283167,0.041971815792320684,0.27542291914942846,0.2488028932701326,0
like i need u,keshi,67,0.3864319951196384,0.4123729062348352,-1.039818132195736,0.1904132470961164,-0.9036009179429593,1.075193926489494,-0.08762171403039572,-0.529158132446634,0.3262525153324857,0.043922487873296244,0.3297864894594403,0
skeletons,keshi,60,0.09603571312402508,-0.40452723659402606,-0.7526796499229492,0.2786900368023351,1.1193602807891347,1.4976990429487043,-0.59271526143658,-0.7210251936086255,0.29399379749764576,0.37131682811229,0.6530633015797701,0
the reaper,keshi,55,-0.1655518703981305,-0.6682902695697066,1.2582878824243564,-0.14027175947003723,-0.9749988753546722,0.6665179694822754,0.33450143441195246,-0.3501022331729486,-0.4809047417899174,0.3073755710393179,-0.12024064586733942,0
lowkey,NIKI,9,-1.307111014940029,-1.534614105504686,0.11676565543617087,-1.0157511198945337,-0.9749988753546722,0.37773951822178214,0.9669883824472637,-0.042339670265612445,-2.0743164457809535,-0.03256288623432654,-1.5788810603402303,0
summer,keshi,54,0.024022823970416825,-0.11412201970240893,-0.4707734369154727,-0.015104376785271845,-0.7548115719423114,-0.1879079758146273,0.17969336000437727,0.4709574262896676,0.1750108159183595,0.16017620511573663,-0.01724140769436715,0
Lost in You,khai dreams,0,-1.4033700983895714,-1.5355581568831767,-1.6232489746957912,-1.830731525278422,1.1193602807891347,0.670828783886718,1.2885795792906136,-0.16251935784225474,-1.3876800568481846,-1.7989298333855626,-1.8570744505690548,0
Get You (feat. Kali Uchis),"Daniel Caesar, Kali Uchis",83,1.0999114351548718,0.8208073798329331,0.0845564999181658,0.7382468580405173,1.1193602807891347,0.4295914782328713,-0.7982172254283115,-0.44637512989617617,1.4946178205935354,0.9110377014618125,0.7465430108016691,1
Wow.,Post Malone,77,0.6355295125887614,0.13511231924205622,-1.0725624129291642,0.6250678510108716,1.044274384924776,-0.18369610787704196,-1.0795624370796426,-0.6299829748593256,0.8864085772617568,0.41038430164212547,0.32850093960641463,0
right here,keshi,58,0.21140152631498754,0.01318712168302631,0.39369644104309254,0.38193065799158005,1.097273571158149,-0.1339419078614857,-0.06250748091421117,0.7254043388354916,-0.46979851715066084,0.298847299764859,0.15072722232773056,0
Gimme Love,Joji,5,-1.6651132616891136,-1.195249150604587,-1.3199147740358612,-1.3266114789456653,1.0339022451555557,-1.2516684938676668,1.9427065520760405,1.8225911778346924,-1.4088644821262097,-1.527943124623059,-1.6807854008228487,0
just friends,keshi,54,-0.7274927064492321,-0.3885621086652596,-1.6401712081704576,0.33393131633614037,-0.912817190966385,-1.1329273964322057,0.8123722141453454,-0.25453559890856914,0.9476419589791857,0.0882794296511369,-0.024091900685344832,0
Daddy Issues,The Neighbourhood,84,0.7253713132962218,0.772949342519978,-0.20034176799137574,0.6863733892465419,-0.9749988753546722,1.5469492208916436,-1.2649604832437207,-1.0510970687171288,0.02763866797633926,0.6862056882386884,1.2102168591128537,1
Second Time,Bruno Major,0,-1.7824410108723947,-1.9546522388739398,0.10539035288775339,-2.2102146709357764,-0.9749988753546722,-2.4542034501564594,1.7377392196639223,1.5016348849138548,-2.3845597537988645,-2.48128099720718,-1.471073982314596,0
paper thin,Christian French,26,-0.6542396361870714,-1.3953956293631382,-1.6245469418757998,-1.4066249517366909,1.1193602807891347,-1.016019490467205,1.209919947158302,-0.5456872419300723,-0.1666250884992339,-0.8972267809528717,-1.1448999333347143,0
My Favourite Clothes,RINI,61,-0.1622776626120625,0.12285811314548216,1.2702363541608817,-0.0973055352818914,-0.9749988753546722,-0.3886157053832612,-0.509820171354139,-1.0510970687171288,0.4844466277834349,1.0904842685577656,0.08380277440560224,0
bad guy,Billie Eilish,81,0.9838322534760239,1.023696315779833,-1.6092084380442229,0.7611573342613297,-0.9749988753546722,0.06326886198540829,-0.49391621137161484,-0.8464406256099674,0.5604782240135089,0.45277607546204746,1.0912447976000033,1
idontwannabeyouanymore,Billie Eilish,78,0.5539169042393969,0.6937244614467319,0.3828755586367835,0.6772301180151407,-0.7715738970732349,1.2695686982116745,-1.2022601159476605,-0.40277613342939095,1.1490531460766902,1.5898242493960562,0.33912519611290987,0
Heather,Conan Gray,83,0.4763280022412193,1.0628890784845266,-1.0237364507289033,0.5597227068661154,1.1193602807891347,0.9387745872771268,-0.7001054279005199,-1.0510970687171288,1.226113317187486,0.2931703197266375,0.895518965875742,1
Maniac,Conan Gray,75,0.44760367294413306,0.9112648015979449,0.0776678160975091,0.4020577876243639,-0.9749988753546722,-0.017407563878272175,0.2961023272080077,1.3316628367055294,0.21746531769410293,0.7615431118877534,0.2528840618840461,0
Stoop So Low,Alextbh,36,-0.37941246459234207,-0.2882336994455694,0.1022547067398508,-0.7362438031027787,1.1193602807891347,-0.13797207856321025,0.6421588328184084,-0.3808430855799539,-1.0176703921855452,-1.222955713479951,-0.6671178936811708,0
Cruel,Jeff Bernat,54,-0.021822080611177703,0.003967067213692161,0.13148076891391527,0.064239958862523,1.1193602807891347,-0.29379779356265917,0.3808515152833425,-1.0510970687171288,0.31588774393811786,0.12651930565882086,0.26040387282347444,0
MODUS,Joji,7,-1.5775261160507268,-1.917697663604602,0.10114236492640218,-1.09726941844821,1.1193602807891347,-1.093628818396148,2.011241115267151,-0.19678022962322622,-1.1527020729486526,-2.433328434078959,-1.5306935501095318,0
B.Y.S.,keshi,58,0.026650769503704885,0.43825480813722933,-1.3396518694666886,0.2623287651957411,1.1193602807891347,-0.4196212748295969,0.20642741910014917,-1.0510970687171288,0.20345395120158236,-0.1111589895485886,0.10220481659013335,0
beside you,keshi,68,0.42443154318815285,0.10737351200335822,-0.46306222478310455,0.5868228993942268,1.1193602807891347,-0.03866035091634685,-1.0943271892028914,0.2866762700625638,0.6745866199586974,0.3045771435084793,0.07092183345798116,0
After Hours,The Weeknd,79,1.0771053713447767,0.7511361087645827,-1.3460141242056707,0.7129550715539944,0.9330155241693808,-0.16085808173429106,-0.3140942850456084,-0.4734585734905419,1.4282184924476757,0.7796708307463256,0.6269607345986055,1
Lonely (with benny blanco),"Justin Bieber, benny blanco",72,0.6294919652974287,0.8121260861021349,1.5632384189479536,0.46102087796799096,-0.9749988753546722,1.1403753719521803,-0.654441754967148,0.7802694930350238,0.7405021090003511,-0.4915004842837894,0.5976584719838964,0
drunk,keshi,62,0.00020729732453411302,0.5606510982854209,0.9526166876709166,-0.02724959773439154,-0.9749988753546722,-0.3002748312493601,-0.0922322778613866,-1.0510970687171288,-0.2616511323498593,0.2376759204067189,0.07500502327370015,0
us,keshi,56,-0.03402830513652025,0.21233231824085344,-0.7658533034858652,-0.04380898657384226,1.0701983807142452,-0.5136148127475274,-0.40159219921128836,-0.21976081758531588,-0.5218192762294799,0.4948083905043736,-0.08421187078029209,0
Car Crash,eaJ,0,-1.5208423067087335,-2.0544153754910943,0.6927161774759832,-1.5804229999623707,-0.8254407993067646,-0.8286866343722715,1.3191856814610516,0.3762587794926535,-1.231055683366292,-0.6711802830917493,-1.842033812316234,0
HELL/HEAVEN,keshi,54,-0.14936064014233968,0.4093481701545795,0.41881705046813167,-0.3713791860734973,-0.9113174998138287,0.23264900256262677,0.5264859296926234,1.2651754091517087,0.25343251518106213,0.7082479167908613,-0.16443985019628513,0
ANGOSTURA,keshi,59,0.3826708078727096,0.07720732147811914,1.5445145053410778,0.1682118879049055,-0.9749988753546722,-0.1630744681472873,0.05482630217382474,0.5800644537532329,0.7417376568795162,-0.052505967335376456,0.3918449415789515,0
UNDERSTAND,keshi,74,1.0483997322141665,1.2028764160585352,-1.0427877878338725,0.5659538697046967,1.1193602807891347,1.822530022725962,-0.33072793251116583,-0.012369603199888089,0.2690552883555302,0.19234470556901456,0.20241003169473729,0
Try Again,"JAEHYUN, d.ear",69,0.32442207207812596,0.9331586396751477,-0.4707795724491674,0.3116379005041796,-0.9749988753546722,-0.11149669484254972,-0.31479302791434133,-0.25472463102280585,0.6911047723939525,0.5033575823266434,0.42358093223146487,0
IT'S YOU (feat. keshi),"MAX, keshi",9,-1.7216065352515402,-0.9844340736345215,-0.4791929189170828,-1.3018474525194637,-0.7628252950666085,-0.14206682283130118,1.134138683122599,0.3352896060629313,-1.4828535815885913,-0.9728020301227943,-1.1786503633244763,0
Nothing,Bruno Major,1,-1.9525265534250327,-1.051128756623917,0.3802935078417564,-1.722404248911463,1.0262564410689496,-1.2669749760926634,1.464236065445258,-0.9874643188823358,-0.9929541153995057,-1.9032746872621977,-2.0050853058409683,0
Easily,Bruno Major,6,-1.1949558886940186,-1.1748594070758986,0.6918329033528156,-1.399127815487702,-0.9749988753546722,-0.4810656974148126,1.6238949486555991,1.8230473121836148,-1.6832895744936995,-1.1945796425344297,-1.2705261859624988,0
Glimpse of Us,Joji,77,0.8101097302619655,0.6120580093771529,-0.1912605957005337,0.8902914292336038,1.1193602807891347,1.7564674366810433,-0.7628917094203256,-0.6514423423339303,0.5350810270223011,0.4961313836616638,0.4399954973907314,0
moonlight,Dhruv,62,0.14971583379712258,0.21134805320579808,0.07133932266138039,0.3226605285022428,-0.9749988753546722,-0.8623702158249783,0.08265986452174957,-0.5568559179276064,0.49798599585247405,0.6307977160433774,0.40896023321508335,0
double take,Dhruv,81,0.9355039961102861,1.1841220557982095,-0.7469674386159147,0.9838386924056295,-0.9070620689677438,-0.06531379855255355,-0.6409466641594256,-1.0441766389880724,1.268792570924447,1.1272561239036696,0.8127990940718268,1
Blur,Dhruv,43,-0.40027475014091035,0.008195439030414416,0.6936561961547832,-0.27462276102417504,1.0506164717287896,-0.06140092297553952,0.5032472666219768,2.368047936406106,-0.6087774547335549,-1.1569775986911413,-0.4800647480529496,0
Save Your Tears,The Weeknd,84,0.8889063704282495,1.1415368740155272,1.2487762549333172,0.6627956764366696,1.078936603724343,0.2745828646834907,-0.7240519943363168,-0.7500134236187013,1.1382528860475924,0.796964852838851,1.1267110725783502,1
KEEP IT UP,Rex Orange County,52,-0.7545282665130445,-0.3680010617521079,0.6972909053427667,-0.12314467384958502,-0.9291036521912548,-0.05291363274928547,-0.32876548602064903,0.4184483011376725,0.8376887565280879,0.1778359704233701,0.08293105574622829,0
Every Summertime,NIKI,73,0.7290615093019829,1.1159198289564471,-1.042396239343912,0.693395226813127,-0.9749988753546722,-0.031272535259103666,-0.6811940107571293,-0.38781311430575843,0.3784095829893714,-0.26349982894774315,0.49161500371134337,0
YUKON (INTERLUDE),Joji,47,-0.14125635402798162,0.011112512224158605,0.09981476430383915,-0.2855628200418566,-0.8962053935126036,0.9067859155829611,0.2494298234516369,-0.09087710774813552,0.8238730840695127,-0.4278574317881779,-0.13011940160394214,0
