name,artists,popularity,danceability,energy,key,loudness,mode,speechiness,acousticness,instrumentalness,liveness,valence,tempo
Locked out of Heaven,Bruno Mars,51,0.5775534600347411,0.5690143285013995,8,-12.257899265406824,1,0.1604777031327308,0.5789899158611471,0.04993368851116979,0.33630672004952505,0.49079691904330836,129.27236469310833
Numb,Linkin Park,87,0.8976164877981553,0.8690888848990276,3,-8.748166093609596,0,0.2744881543871576,0.3391723320675878,0.008399820169636328,0.45855786931998643,0.7263556306924543,160.55864156049154
Californication,Red Hot Chili Peppers,81,0.9139113532544645,0.9321694712183752,8,-6.659839952581757,0,0.2675840270135513,0.20401748434603617,0.017946349206460613,0.5118982737401165,0.7105872904652564,155.47703274273218
It Will Rain,Bruno Mars,64,0.664560829717293,0.7803384585711868,7,-7.883480487959576,0,0.19485036339855233,0.5223804504316019,0.03228247920205131,0.4130427139578352,0.6630701238061122,135.98335245857552
Yellow,Coldplay,89,0.8354714897155463,0.8782630188282995,9,-8.592959871004977,1,0.2761949338523892,0.30088340451233664,0.026371495604881227,0.5478358669377202,0.7896059069935005,167.3645892803687
Beautiful Things,Benson Boone,89,0.9471360818916985,0.9783283385491989,11,-7.335172871563228,1,0.26768898136550334,0.22072342952793866,0.010319888872736022,0.48219181988817406,0.8286088098975216,153.47571934061017
Guess featuring billie eilish,"Charli xcx, Billie Eilish",85,0.9357692936251825,0.8874537601171927,11,-6.866479941049528,1,0.27961268318039106,0.31623370326368694,0.0015677418031670581,0.4193418844516508,0.6716661200605091,161.3996945250621
The Emptiness Machine,Linkin Park,90,0.8988769625279992,0.9115904027197794,0,-7.162388271895993,1,0.2767676468200795,0.20668566046443948,-0.0033930865711584036,0.3973430597573643,0.8411167465475101,165.6957310932601
APT.,"ROS√â, Bruno Mars",98,0.8253350145035925,0.8208253251125005,5,-5.198372698358362,1,0.2970303062010321,0.21630043952033126,0.001749128683528408,0.5077668054097805,0.7676104975996153,169.6678462835673
Riptide,Vance Joy,78,0.8527253079015784,0.8762325279562202,8,-7.642568632764109,0,0.26224181033275284,0.3638669615936346,0.02460049274182743,0.4808496932457977,0.7580272311765239,148.70473095787514
Lose Control,Teddy Swims,89,0.9371244288896654,0.9143936311297806,7,-8.642060598835291,0,0.2830413119653039,0.32399746256296924,0.014296887329035557,0.5058763338311023,0.6383308785098124,162.8082069742552
Stumblin' In,CYRIL,84,0.8163372986584028,0.8084482199744129,3,-7.804953083060724,0,0.23659535054583966,0.3144778558303463,0.018288219697637026,0.4888950475187247,0.7350474302871777,158.91831407286747
feelslikeimfallinginlove - Single Version,Coldplay,78,0.9385602225640928,0.8606393753052013,5,-7.71721188719497,0,0.23252878691532605,0.3400676722410529,0.03033108322372044,0.3436940173360121,0.6800876582901245,144.9954930036896
Viva La Vida,Coldplay,85,0.9290271609680419,1.034827032010468,3,-7.985827677481982,0,0.24739552835967576,0.37069891252293374,0.021298821522023417,0.4994086650551587,0.6750652961975339,160.94075268531537
Illusion,Dua Lipa,65,0.764043227326342,0.8134761440780828,6,-9.44892592116298,1,0.22727663704694154,0.32310106511590864,0.02088321068616933,0.3969355474768812,0.708106603381627,136.40117019825078
I'm Good (Blue),"David Guetta, Bebe Rexha",85,0.875390380242945,1.0008404760045284,9,-5.128633510852104,0,0.22172018594121926,0.28400858961513653,0.006124291706516665,0.4668260724929954,0.7123370707073128,155.2631327822711
Bad Habits,Ed Sheeran,79,0.8325963627364142,0.953066748739793,7,-10.868215408673171,0,0.27432763115848147,0.3423137021363409,0.027777019615661216,0.4782280445540287,0.768473299164379,147.9074215307004
Shape of You,Ed Sheeran,86,0.9021761231456701,0.7391028673695996,0,-4.300769920267776,1,0.24585789247668263,0.2999403357886819,0.009392923348572328,0.44861410823110387,0.7839049573426041,166.63783937621304
In the End,Linkin Park,87,0.8747650372241673,0.9229568399074205,11,-8.485293606491501,1,0.26779173060311895,0.26267816548299155,0.009606349837015277,0.3946931057575921,0.7630576837151026,167.4914150654002
Don't Start Now,Dua Lipa,80,0.7720373088068587,0.8617677245098178,5,-8.442558757913046,0,0.271320036563324,0.4659156974525589,0.018425037718051936,0.4231260520618804,0.7035031147264732,149.42914009125633
Take on Me,a-ha,84,0.8666254679296226,0.8405543764167869,2,-6.3501304501183755,1,0.2784411970687492,0.303007175510551,0.012894133721561766,0.4858042797966206,0.7872893481669507,156.5948697964962
When I Was Your Man,Bruno Mars,87,0.8253140481723813,0.8573737914249685,0,-5.004065345219149,1,0.27153757459051747,0.3305750738190652,0.00801247003960305,0.45262470557232215,0.7663526572095545,156.54975197479527
i like the way you kiss me,Artemas,84,0.8507805206367371,0.8994736590372624,7,-6.578067923456576,1,0.2613719098382427,0.2441720618410068,0.013776849197837206,0.42646554749700044,0.7259903459710415,156.82336310953548
Houdini,Dua Lipa,82,0.8588855454463509,0.879876429619721,2,-6.962880557069561,1,0.24255789092016977,0.3375661294814212,0.01787505535030911,0.4888110527187722,0.7133551555254859,149.843469779171
Espresso,Sabrina Carpenter,90,0.8756455918251643,0.919887445181737,9,-6.567500077878607,0,0.30283251717738935,0.1638821437222338,0.0017821713809760865,0.43279057099943274,0.8079980080139534,169.19098358125223
WE PRAY - Single Version,"Coldplay, Little Simz, Burna Boy, Elyanna, TINI",75,0.7937152001691506,0.8451931671823218,0,-9.082679186692136,1,0.26337098334805636,0.32951935230697665,0.022857952963542247,0.5742253210522033,0.6407200876486933,153.7794037341664
Like a Prayer,Madonna,74,0.7506773149396799,0.6790479192275781,9,-9.312267938004581,0,0.23682731236462218,0.26193300737012615,0.03793518981376467,0.5096324242066417,0.6523063856310003,149.85214961133332
Good Day,Jake Scott,1,0.28253622722765215,0.28368054114876096,1,-20.96042051522092,1,0.0873632434672189,0.8095652905897428,0.09148651394536332,0.17128804016995075,0.3650314566224469,91.92529833088261
Lovin On Me,Jack Harlow,81,0.8289430493471216,0.7713139557985208,11,-8.464375580629502,0,0.27717903540965977,0.2842345716044781,0.0186270759447671,0.45832496881477897,0.7761626990266626,152.11657821539046
Water,Tyla,84,0.8700018839608148,0.8440575014517402,7,-8.891219913211142,0,0.2575583636402063,0.3130150989743485,0.005190280785066528,0.43855955494928334,0.7063875380456135,153.39255838387174
Strangers,Kenya Grace,77,0.8459677004816937,0.8772746733155257,1,-6.873618650208476,1,0.251629724238361,0.3266780609592865,0.03041027981962751,0.45996084576248764,0.6414351139662482,149.63030159992311
As It Was,Harry Styles,28,0.3849709095729187,0.5120392823963257,6,-15.147326165393949,0,0.12496663405355758,0.598515318491958,0.05998873722593488,0.26645242690481363,0.5138678758498052,117.20609274169905
That's What I Like,Bruno Mars,88,0.8865897497624575,0.9644200832029806,2,-4.734588722035312,1,0.27748011448168014,0.21354011808345447,0.006403634516491217,0.5230538899872402,0.7785095860873579,159.20836539230837
Scared To Start,Michael Marcagi,85,0.8757101861036549,0.9251969702923993,10,-6.527164483768835,1,0.27527535437473855,0.22442647771030538,0.01380101571184622,0.4224938746903533,0.7325884527958528,160.35802141339497
Too Sweet,Hozier,66,0.7510503469708314,0.8202172910118221,1,-11.679227275871812,0,0.22652899586487266,0.3667776800579453,0.05258016148729654,0.38948916490646285,0.62401718765853,144.26751434612012
Demons,Imagine Dragons,83,0.8561612019958218,0.9387978315107306,1,-7.7315868903516884,0,0.2514498817719189,0.3272780561439939,0.015812886969365177,0.5012845217242846,0.6840424345395659,159.70183398439158
Dance The Night,Dua Lipa,68,0.7036231072457912,0.7153470662050361,7,-10.91117639558357,1,0.20612127708801548,0.32112365667358,0.03816745034999148,0.33720074786258397,0.764152074508724,149.29487813828152
greedy,Tate McRae,86,0.8913075926398225,0.8349380347781673,11,-6.558454194412646,0,0.25450745061236035,0.24624182466326677,0.013021789890207313,0.433175164440754,0.698717772360541,167.92173031159516
Training Season,Dua Lipa,74,0.8195895872851717,0.8348796321495868,9,-10.37564858800326,1,0.22362861676729756,0.42169846006645295,0.028851803297067238,0.4062689774356575,0.5451661777031858,153.46517299101774
Murder On The Dancefloor,Sophie Ellis-Bextor,79,0.7844198753361563,0.886100822111267,8,-7.803643587461887,0,0.31352693501095064,0.30311061766834935,0.01070021634054163,0.3994608991341834,0.7340210057006756,151.12846463328964
Afraid To Feel,LF SYSTEM,76,0.8150514548699109,0.8848791403651183,11,-9.074999521269127,0,0.2865878922811403,0.30232496230988926,0.026829456594867167,0.4471335171642222,0.6906862414113029,149.09631619301814
I Don't Wanna Wait,"David Guetta, OneRepublic",85,0.9730406739142223,0.8780026572914509,3,-8.094245545048953,1,0.28552715841166626,0.37252461356408745,0.026550415722317706,0.4356479221298097,0.743668309274475,155.2368316965453
Columbia,Quevedo,81,0.7611875168115135,0.9851531085152827,10,-7.111861232142132,1,0.27034476093907656,0.40323042523203007,0.01675068016294658,0.3951820351840259,0.6647581570060473,155.69279248011944
Flowers,Miley Cyrus,24,0.3841681026631355,0.43375763126267686,6,-16.936993909278637,1,0.14501830065090401,0.6966854170658294,0.06980389778598992,0.34853817442508994,0.5038741790369612,100.70327512265163
Cupid - Twin Ver.,FIFTY FIFTY,22,0.424009821738818,0.553280273487357,1,-17.19238227120438,0,0.13742494986356943,0.6224643968250578,0.07254625648391153,0.26473101083030237,0.37772620724263156,109.88672814796517
"Good Luck, Babe!",Chappell Roan,94,0.8267373911296005,1.020766225153332,11,-7.291095480982564,0,0.2993456056264531,0.21257437053267655,0.008536120366117625,0.4368768252789148,0.787001466444038,164.41339228823855
End of Beginning,Djo,89,0.8790264323388142,0.9961022311765486,11,-7.342979405335754,0,0.2549550760990905,0.26319519865757524,0.025142949108248443,0.48427800518384456,0.7805700673395869,170.65185957244364
Way down We Go,KALEO,82,0.7995014665824235,0.8290054760666634,3,-6.978978053377719,0,0.26303471530663475,0.1492496470967441,0.010406078841815426,0.44521489965913863,0.7495455717150609,148.97617506697244
I Wanna Be Yours,Arctic Monkeys,90,0.9788521681676546,0.8171222925429993,6,-5.631792145201154,1,0.30247136459439145,0.25661198047792705,0.008465201923434869,0.3813176056800808,0.7723566219548362,160.37760568883218
T√£o Bem - Atemporal Remix,"Lulu Santos, Papatinho, Ana Gabriela",31,0.4866320872931082,0.45594520342165873,4,-15.296897939150345,1,0.21815197095307043,0.7065525402430407,0.06555551183915168,0.3333990925338806,0.5344051757467628,114.84657314629594
Sintomas de Prazer,LUDMILLA,56,0.5463868883222673,0.7230331170098487,5,-11.91755614746714,0,0.22055425256129346,0.46090043908955874,0.05280946380188922,0.36907762430226565,0.5390862840566791,138.78413317536058
Meu talism√£,IZA,54,0.6520155683169122,0.705312955017735,9,-13.10729228471936,0,0.21016602447832664,0.5619104821223389,0.040574413089141996,0.3658235010892008,0.5835180177099906,137.51866030254493
BELLAKEO,"Peso Pluma, Anitta",75,0.7355088480142244,0.7829141962094089,10,-9.93530703020167,0,0.20538398642091898,0.4080241594235598,0.0179749400876458,0.4241777028773312,0.764246969406025,155.45329770971114
Envolver,Anitta,67,0.7748641002257438,0.8355260344829546,5,-10.779690374693875,1,0.22375897709008463,0.4039618190672305,0.028013629196760433,0.47278255278144254,0.6430573742071853,138.69389394425488
TEXAS HOLD 'EM,Beyonc√©,73,0.8020406899993285,0.7683521953138359,11,-8.42060025590921,1,0.25284167114255185,0.4013051302312211,0.02293994004121687,0.4748495800955861,0.7239445496049263,146.90444518338185
we can't be friends (wait for your love),Ariana Grande,86,0.9277670417332241,0.929739436918861,10,-5.215328225948815,1,0.2791845940461399,0.25014916836945233,0.010608635097130737,0.46361017573904756,0.7896342504288604,156.98863836287347
Idiota,J√£o,62,0.6502625043929245,0.6377642924420771,9,-9.016036474448073,0,0.22655781448042195,0.46590718969892986,0.025895561350843546,0.35447421848129007,0.6156957884744269,136.39601822032446
se essa vida fosse um filme,GIULIA BE,61,0.7058876328461746,0.7263270573698538,10,-9.359344067012792,1,0.2463671315212325,0.5333629807619988,0.02666148400252645,0.3961044810006705,0.5074634411615535,141.22031653506914
A noite,Ti√™,65,0.7188635649677179,0.7694689204114927,8,-10.64419667210605,0,0.2055292279899513,0.439207734024335,0.02607683865022216,0.33583526430953614,0.5946510082380513,147.3366302106862
Cruel Summer,Taylor Swift,89,0.920950499113416,0.9027868718254493,5,-7.030472750855486,0,0.30638526212652517,0.2217000025685601,0.006735090276353172,0.42443727015242944,0.8029110509950909,160.41440973704871
VOID,Melanie Martinez,55,0.6361197646720023,0.6640726345828323,3,-11.835415982963372,1,0.2124521909652275,0.48284265686012895,0.037619862363744865,0.3201217161798361,0.6863684234056501,130.81017774668993
vampire,Olivia Rodrigo,20,0.4442334385914419,0.4747376327489091,6,-16.595905161196796,0,0.15588096387800507,0.732267052968085,0.07737274893561208,0.20660029502775537,0.4566764488733409,97.77616606708638
Just the Way You Are,Bruno Mars,81,0.9040267027794827,0.8815105302600454,4,-7.497055200318548,1,0.2376321009075559,0.25565186062665474,0.013593636804849743,0.4156571102865302,0.7440955272290172,143.45736099008465
Mind Over Matter,Young the Giant,70,0.8481500852388664,0.872253520970734,8,-8.368219032999777,1,0.2742897877398188,0.3559384698112085,0.049746534520182156,0.35343985163126956,0.7415185825145483,138.01230697775708
Easy On Me,Adele,77,0.815064074853162,0.7867510946620697,6,-9.715137421972477,0,0.2312022186485358,0.33679462214221206,0.012676695763272211,0.43858457428508035,0.6328954404386802,146.91489140722896
Mulher de fases,Raimundos,68,0.6872623567620931,0.7400714440183682,3,-11.286720074783897,0,0.221309611692996,0.4633435274025516,0.0047255319305388385,0.4134991846294453,0.6355852506338432,140.56895280047723
Sagrado Profano,"Lu√≠sa Sonza, KayBlack",71,0.7847561984561506,0.842443880404407,10,-10.316160268408511,1,0.2544531946061334,0.38355702007264497,0.03224284668802274,0.3952138021752441,0.691908381054008,143.9625812728149
Kill Bill,SZA,77,0.8159700903399193,0.775422249871645,8,-8.58778799422414,1,0.2614653922656557,0.44323913741031346,0.02939934859968981,0.472695753918868,0.5995366819251395,145.57493073522753
Astronaut In The Ocean,Masked Wolf,69,0.7576698827213993,0.8409255943629605,6,-9.775978263993382,1,0.23257480028665795,0.3567204215469121,0.01828768650679411,0.44178899070361244,0.602410475857397,141.7947193790249
fukumean,Gunna,82,0.8777490865691082,0.7726415655051804,3,-5.333709518389501,0,0.27600896840510425,0.3116141481302687,0.011483868495651306,0.4599546666133336,0.6603709006633626,158.7855530999862
Paint The Town Red,Doja Cat,78,0.8017126779491269,0.8707525536809512,6,-8.225833577981877,1,0.2484054085151532,0.4060269360918095,0.018999684188883332,0.40466889523118915,0.7307431189520743,150.6452772674364
First Class,Jack Harlow,28,0.448944769359248,0.4563941237017629,2,-15.115343832052433,0,0.17062578668558573,0.7091468768451652,0.08145539934009985,0.2575724713171466,0.49448845026256216,111.28372587968278
Seven (feat. Latto),"Jung Kook, Latto",80,0.8242490836262014,0.7410093107143708,6,-8.642236771435128,1,0.25755371324674864,0.2943223219546838,0.013683721672728438,0.4491985762838569,0.6689985299646375,152.9348198543267
Boy's a liar Pt. 2,"PinkPantheress, Ice Spice",72,0.7427398389554085,0.6742521792852001,10,-10.67352350536708,0,0.24410974268266597,0.3693171457854878,0.016351676934243074,0.378430393549936,0.6843336707102873,160.21771563143486
Baby Don't Hurt Me,"David Guetta, Anne-Marie, Coi Leray",81,0.8759974132953084,1.0625113493289433,7,-8.594223098855824,0,0.2789075780285825,0.2653384727114625,0.02714212041669891,0.4624678617694035,0.544239364523778,158.51384733310582
Slow Down (feat. Jorja Smith) - Vintage Culture & Slow Motion Remix,"Maverick Sabre, Jorja Smith, Vintage Culture, Slow Motion",72,0.7971525734283939,0.8463638216915911,2,-10.271556299263871,1,0.23569866817507512,0.32989089023453777,0.04899582537113127,0.3516982919913807,0.6885253730227974,153.466392961977
Leave The Door Open,"Bruno Mars, Anderson .Paak, Silk Sonic",78,0.7820737328494834,0.8734659931676021,0,-8.63824068226905,0,0.2779994805474666,0.3378257329095398,0.026262023935860076,0.4534817560596126,0.6917653685785348,149.93606261880763
Another Love,Tom Odell,63,0.6164295810738155,0.835767354126565,4,-9.755997003576725,0,0.22265359539368018,0.3626077943870989,0.033609455451442116,0.3974921082400404,0.7005484588076702,129.3790077840653
Sweater Weather,The Neighbourhood,90,0.9323237407515446,0.8650100523674621,4,-4.991797449544098,0,0.2739556831761137,0.3501901038444589,0.011617421954602964,0.4604568565248172,0.8043835887299888,157.2431101465184
Desapaixonar,Jade Baraldo,31,0.4423061616939683,0.5197745961933122,10,-16.437966083779582,1,0.16347536191131923,0.56177092279526,0.06883157185509688,0.33742349489319595,0.47490480845439315,107.23175206660082
Por Supuesto,Marina Sena,61,0.7335174683815334,0.678124726939669,3,-8.813232146482365,1,0.2506498233872377,0.39736190569481056,0.030947943265381646,0.4053820611236741,0.694333418959043,149.37883281756538
menina solta,GIULIA BE,66,0.6992678727811835,0.7283326510897631,10,-9.662898823929956,0,0.2810344263151052,0.3802519926273758,0.042764614582546656,0.4205997183917183,0.631214780426979,137.83532840593057
Dona de Mim,Paulla,12,0.26713224392286355,0.3931257254945533,9,-18.144682628092667,0,0.11386213035753048,0.755911056773672,0.0950118662718996,0.2864137188002707,0.3843649791490022,93.68378525102314
Watermelon Sugar,Harry Styles,82,0.8519485412498121,0.9539506178240394,11,-7.301736279905809,0,0.26850327191667844,0.2620156235932887,0.031072947049052266,0.4614176444250526,0.8166861073060757,153.62844233501866
Left and Right (Feat. Jung Kook of BTS),"Charlie Puth, Jung Kook, BTS",68,0.7372309112430138,0.7206114617633823,5,-7.6461717235911415,1,0.25450491547869303,0.4443514442274979,0.0405654791195292,0.3820071347922329,0.672944332218668,152.77688944169495
My Universe,"Coldplay, BTS",74,0.7884785965470834,0.8247752759145288,0,-8.567729847756139,0,0.2715316162178942,0.3465184349408024,0.012012304409141573,0.49840707858017796,0.6852390627511474,147.63980104786017
Dance Monkey,Tones And I,2,0.28460867907049936,0.23280010597577702,1,-20.34228492691139,0,0.10376259942232,0.7089594037837363,0.08712181004921221,0.16346535276825364,0.22526256195414804,92.84375436357257
abcdefu,GAYLE,72,0.8834671975859175,0.8430298641013338,2,-9.470592368759975,0,0.22865334656299383,0.3645341476006433,0.03996307755148978,0.44512955388017567,0.637535648191841,157.09247818559078
DESPECH√Å RMX,"ROSAL√çA, Cardi B",49,0.5675165288754899,0.640914198061065,5,-15.316968177951672,0,0.17979107387111895,0.45664576768856613,0.040933532560166325,0.2987654297855459,0.47934981712919994,125.87472218660734
Calm Down (with Selena Gomez),"Rema, Selena Gomez",79,0.9194682622341603,0.9523762065369951,7,-6.894352578546615,0,0.25389706552648394,0.29394078063051504,0.023173874256465107,0.4287058105833406,0.5991762307929951,159.58772766817623
love nwantiti (feat. Dj Yo! & AX'EL) - Remix,"CKay, Dj Yo!, AX'EL",70,0.7586555736584554,0.79851142934716,9,-8.9566668944376,0,0.2715603101838847,0.3407139214320053,0.027421943415648242,0.3952214992750349,0.5991671490285335,144.2510019656936
Blinding Lights,The Weeknd,87,0.9140537944436263,1.0003924779119524,2,-5.517522919633009,1,0.2558303730837459,0.2898317844917521,-0.0025845585537335285,0.4840236654279932,0.7546447516600235,167.27610990195961
The Business,Ti√´sto,72,0.7820318137120318,0.8884070352352803,3,-8.81973247694377,0,0.2388359251664883,0.3282675381453688,0.04275410817851075,0.41080632330918365,0.57077860169894,146.32659167169047
Heat Waves (with iann dior),"Glass Animals, iann dior",0,0.20227780071265886,0.2556139285379082,1,-19.84522948976514,0,0.13124331485813145,0.832368355350679,0.09705692982644185,0.21427083056259424,0.196564660783754,92.47285745862
Life Goes On,Oliver Tree,70,0.7488461114484969,0.8940966322285151,4,-8.806872970641699,1,0.25649862605294216,0.49548456841443334,0.015029316239579016,0.3872784493135479,0.6860533351330355,145.52113892141492
I Ain't Worried,OneRepublic,79,0.8328923710817352,0.9535810849326449,7,-6.96589697855179,1,0.25183001053827675,0.32029894479210813,0.02638772340991448,0.4253149116702534,0.7505584143279893,157.53086524145576
Shivers,Ed Sheeran,83,0.8733553107336682,0.8233615101594729,4,-10.456924294491738,0,0.26863086069046455,0.31704259448611455,0.013147655122083426,0.4169934823121878,0.743369809095202,152.1013344624901
√öltima Noite,L√©o Foguete,77,0.859905948208282,0.8260857203826831,1,-8.086759093344762,1,0.2661554650294908,0.3375094103977782,0.013275943355340287,0.36690148821781243,0.6624317459373541,158.80021622043503
ESCADA DO PR√âDIO,"PEDRO SAMPAIO, Marina Sena",77,0.8097647217790782,0.8597138036040198,1,-6.81898938528637,1,0.2743289335720823,0.2652820645989159,0.02730136117558676,0.47506228843652426,0.6536021693116595,153.1460654054594
Barbie,"MC Tuto, DJ Glenner",85,0.8549668839877189,0.8619001369511589,1,-6.931024709782606,0,0.300082511362899,0.2929933473996082,0.007374055244127218,0.45565239642796856,0.6638607597012902,146.36700964893362
Cora√ß√£o Partido (Coraz√≥n Part√≠o) - Ao Vivo,Grupo Menos √â Mais,83,0.899337773950955,0.908466929174034,10,-7.64720320311642,1,0.2502699408413608,0.2320048116082543,0.003608942476607214,0.4249206597843462,0.7107364372050554,157.1103315834291
MTG NA IMAGINA√á√ÉO - TOPO SESSIONS VOL. 1,"DJ TOPO, Mc Livinho",79,0.868129428077907,1.0407819341846718,11,-9.158109950578947,0,0.23706287545308039,0.29350127779583035,0.011372495904965115,0.4723315037792343,0.6532410780063908,155.76821667881006
E A√≠ Como Que T√° ?,"MC Tuto, Oldilla",74,0.8535551312609183,0.8030471494530527,6,-8.678337416867771,0,0.2739555471718187,0.3502433607161717,0.022493552254141628,0.44378737959967524,0.6260457360328513,151.98167043726679
√öltima Saudade - Ao Vivo,Henrique & Juliano,83,0.8071118013482412,0.7468305596349553,6,-8.51054112667231,1,0.26060729592905496,0.3230996154977452,0.040205566510046226,0.4587872663557946,0.7838957461699694,150.4427065186766
Cantada Boba - Ao Vivo,Jorge & Mateus,73,0.764134967512876,0.8527668576326943,0,-8.891068750860372,1,0.24678173562113875,0.3491581426108816,0.044635411338640595,0.4314743740964605,0.7545221459207461,141.93852999735162
Saveiro,"Kaique e Felipe, Luan Pereira",80,0.8135137205523668,0.8408187151801247,9,-6.437235641458224,1,0.28659442782657707,0.3713931694866429,0.02418753423490984,0.47461627652016514,0.8037574921119024,162.38928340622954
O Meu Cora√ß√£o Em Suas M√£os (Colgando en tu manos) - Ao Vivo,"Hugo & Guilherme, Maiara & Maraisa",78,0.7764303196511988,0.9157846632374673,0,-10.267000517812455,0,0.2634113299689004,0.3422841735752669,0.0184164756056718,0.4497815961854512,0.6347868175036304,156.96832836643705
Triplex - Ao Vivo,"Matheus Fernandes, Matheus & Kauan",78,0.8401180223784789,0.9071084016805522,3,-7.629325188209134,0,0.2946029655531078,0.4174961039519677,0.019045869365690266,0.40571995020445684,0.7233784397603971,154.4238793286492
A Danada Me Ligando,"MC Cebezinho, DJ Oreia, MC Tuto, Love Funk, Mc Kako",83,0.7642537092992071,0.9088659861708833,2,-8.642096047263236,0,0.23685731614223476,0.33103337434386704,0.017084221916839868,0.3490004788760968,0.798294583275909,153.3443330901505
Malvadinho,"MC LUUKY, DJ JB Mix",76,0.8088084829579287,0.8238821831722127,11,-11.002175257881989,1,0.24590167844276617,0.33116014473864963,0.0018736853276561556,0.44086380590822916,0.6900842647818768,147.86660177032948
Entregador de Flor - Ao Vivo em Bras√≠lia,Diego & Victor Hugo,76,0.7541885393677478,0.7662036425402756,10,-7.557467130797736,1,0.2474352668140827,0.25381559159021877,0.016447610976615956,0.37977266357606204,0.6574597930681249,144.26287475173436
CERTEZA - Ao Vivo,Luan Santana,76,0.860257785396629,0.9699418171145608,3,-8.124005096345257,1,0.2645986567599059,0.29641584142202104,0.028931774396795847,0.4078975267091836,0.720276133718575,159.45462208732266
Novinha do TKT,"Felipe Amorim, MC Bruna Alves",73,0.7625410234366973,0.8802089110610295,3,-9.48152261147905,1,0.23920483536491985,0.35054983278162066,0.03033227706241034,0.3857920389211843,0.709251541060196,154.05397820224715
Xonei,"Jorge & Mateus, Henrique & Juliano",80,0.8551758789529144,0.8038465997508477,11,-7.749092717586457,0,0.25548716486595535,0.3815265770731148,0.015508645370178912,0.455203706783861,0.7356033250964604,153.8168521518745
P√°gina De Ex - Ao Vivo,Mari Fernandez,71,0.6943710967290083,0.7008698549969358,0,-8.754374144187299,0,0.23936344149999372,0.4136139161908234,0.03352426138511061,0.366421800112661,0.6359024227372081,141.76388095333095
Pinxad√£o,"Mc JacareÃÅ, Hungria",66,0.6443714083116053,0.7285386611551253,5,-10.342867735013364,1,0.23976781902771274,0.4819257642983086,0.03369279086453133,0.31686403999562396,0.573593582006155,150.68002636173568
Vai L√° - Ao Vivo em Goi√¢nia,Maiara & Maraisa,83,0.8474498347314595,0.8269082953396707,8,-8.364151560515568,0,0.22998581238344817,0.16199679602199774,0.011686063756237491,0.4501086702366976,0.7675025353978562,153.69301431850477
Im√£ de Problema,"Henry Freitas, Mc Th",78,0.8241173696595909,0.8570456541539349,1,-8.22300887791749,0,0.21713874744407372,0.29904773377322186,0.01884139603266194,0.4466556657633348,0.7306664326231808,148.66816423347055
S√£o Paulo (feat. Anitta),"The Weeknd, Anitta",86,0.9683265907379806,0.9589801821690159,4,-7.067505107178059,0,0.29399548271317716,0.24970303475183897,-0.0048163446291778975,0.4975728034031327,0.7688712212819127,154.87533698541836
Nem Ligo Pro Amor,"MC LUUKY, Oldilla",76,0.874026820751872,0.8050829572218421,11,-8.792105559864659,0,0.24163967188440993,0.3560095085083392,0.016759162389555146,0.4810481493125952,0.6682709815206658,152.82094466596348
Vida de Artista,"MC Jo√£ozinho VT, MC Tuto, Deejhay RB",77,0.8127222090648287,0.8052803076467393,8,-8.05993187234361,1,0.260344359558105,0.2634547870547794,0.017183076111087006,0.4259385863480278,0.5680219761999589,161.25399217266343
365 Dias (Vida Mansa),"MC Marks, MC Ryan SP, MC Jvila, MC Bruno MS, Mc Magal, Aaron Modesto",78,0.8581886122422526,0.8671549172473768,4,-8.94283452891433,1,0.23984549490231222,0.37949656338795035,0.02110348235804639,0.4842597964836679,0.6273717978510323,154.5524927329176
Apaguei Pra Todos - Ao Vivo,"Ferrugem, Sorriso Maroto",77,0.8384845818667587,0.8146857241535417,10,-9.609981902444863,0,0.23287288078598203,0.37641077482616014,0.020367218109300537,0.38349373836052125,0.7524398784601548,147.15438836041545
Vamo de Pagodin,"Mc Daniel, DJ WN, Dj GM",74,0.7540670631455573,0.8498769622560514,5,-9.304081797869372,1,0.2690104368891088,0.35653462482904,0.01454280482028276,0.4029201628481878,0.651897039818253,151.35476839744712
Pe√ßa √çntima,"Murilo Huff, Ana Castela",82,0.9137236980175917,0.9237736723363529,5,-8.229201363849652,1,0.27290767981377567,0.3115453240075324,0.018520794325605827,0.404103094835783,0.6930392376826876,149.42650634670665
De Gra√ßa ou Pagando,Grelo,76,0.9000998568330097,0.7870087827531599,10,-8.751987048570065,0,0.3056990159382643,0.23175843984711025,0.010234003520616824,0.4670417130411313,0.5995729916762277,155.34743125928307
DEPOIS DO RODEIO,"Luan Pereira, Ana Castela",75,0.7558205133200901,0.7999761327913898,1,-9.057711006449045,0,0.2794292425022185,0.3820499787943371,0.014895295056433625,0.40972372887467495,0.6962106598232407,152.14376778882175
A Noite (La Notte) - Ao Vivo,Gusttavo Lima,71,0.8004560029525916,0.746846325330566,4,-10.051438087402989,1,0.23188106650475185,0.3807358927925735,0.032107873213490734,0.4175117520325166,0.590832068319687,145.90533909325976
Sei Tocar Viol√£o - Ao Vivo,Clayton & Rom√°rio,77,0.8622528912869623,0.8462537714975308,9,-8.633093617145212,0,0.28169920922238456,0.4337331495488465,0.011688239574074995,0.40765754780080155,0.7043118239203028,165.50829763535037
300 no 7,"MC GP, MC Jvila, MC LUUKY, Dj Yuri Pedrada",78,0.7937416770296419,0.8151784408484212,5,-8.60765818116186,0,0.24193362378356087,0.33592248622270254,0.021628311527674072,0.43773754105764734,0.69350010127228,145.01492116816718
Arruma Um B√£o,Israel & Rodolffo,78,0.7900696989325294,0.7927589823332323,5,-7.9430037309684565,0,0.24273826963840286,0.3630311566661471,0.0052592019980132534,0.39788828435128876,0.7983671594072695,156.23596621101865
CLONE - Ao Vivo,Luan Santana,77,0.8764464249736533,0.8648604689877225,8,-9.641480758645885,1,0.27240255643917566,0.30796332037851537,0.022405418222613566,0.3860587511166772,0.7455914793377036,163.27879598166825
Haver√° Sinais - Ao Vivo,"Jorge & Mateus, Lauana Prado",75,0.7474272662332303,0.8073079951364611,2,-10.83935786372587,0,0.2148222869641392,0.31540499673148165,0.01136332003755386,0.37986293838844565,0.7052233103233578,142.88114035144764
Afrodite,"Delacruz, IZA, JOK3R",70,0.7430022682997603,0.8449142960541823,7,-10.496990721925124,1,0.22494237952887175,0.3161101521613109,0.03216657043296432,0.42353840171585894,0.669866996428204,144.95748155895075
Do Jeito Que Voc√™ Mete,"DJ L30, MC Thaizinha",77,0.7352161513552479,0.8354461985173469,8,-9.501797666856818,0,0.2311632278048021,0.3586358816958069,0.02189562386762957,0.44062290791656805,0.6624097017636903,152.5719766957407
S√≥ F√©,Grelo,77,0.8298511297238985,0.8922801303822454,6,-7.750613816941616,1,0.2540556492186841,0.27904254561189246,0.011168795863882135,0.48124033879890776,0.6822960418928709,148.02251088298445
Wi-Fi - Ao Vivo,"Traia V√©ia, Luan Pereira",76,0.7132574930034905,0.8527071828627778,10,-6.2720428335623115,0,0.26116963738560073,0.37113096698192355,0.03156197501774027,0.38946172966127557,0.6730403116223375,148.9209581888249
MTG QUERO VER SE VOC√ä TEM ATITUDE,Dj Luan Gomes,34,0.469061615947956,0.5757713614959072,8,-15.491173766751487,1,0.155983156541169,0.5978866056136913,0.07708036796520874,0.26697847925876983,0.3524170331942186,119.91229622632001
N√£o Fosse T√£o Tarde - MTG Remix,"Lou Garcia, Dj Luan Gomes",75,0.8177849659551095,0.8191393136110565,2,-9.042532126624868,1,0.2344556356070657,0.3386803913168341,0.019780433515675565,0.47345481104653586,0.8112717876099498,150.3720082552698
Nem a Pau (feat. Simone Mendes) - Ao Vivo,"Yasmin Santos, Simone Mendes",71,0.7040486868801247,0.7431610652416298,9,-9.009249814573622,0,0.23596955726968277,0.2225638413260471,0.025354497773575006,0.4697268683759713,0.6403601548370804,143.64609690649644
Tropa do Sem K.O,"MC Jo√£ozinho VT, MC Tuto, MC Vine7, MC Ryan SP, Mc Duzinho SP, MC LUUKY, Caio Passos",77,0.7928550827544455,0.690751400609441,1,-8.363470439112614,1,0.25138871506909727,0.3411719066919269,0.019463181440769427,0.43547744911119324,0.6886309212117125,158.23836852765282
Pira√ß√£o,Kak√° e Pedrinho,35,0.47654777577096163,0.6504606532364282,5,-14.13515108665471,1,0.17739173052413026,0.6688171638708987,0.08576729687911981,0.3398296304838336,0.5122943869321023,115.84925224120087
Eu Fujo,Gustavo Mioto,73,0.8931068998796474,0.8120660057491934,7,-9.764035506486774,0,0.24441760147012712,0.28382639899600326,0.03884912683288055,0.4632065964279711,0.5948155196375701,151.99405141740158
Cron√¥metro - Ao Vivo,Matheus & Kauan,78,0.8942258534780396,0.7643633033180722,11,-8.20269033426167,1,0.22771379014122464,0.2644807927836072,0.03225147306176257,0.5126454302504593,0.6560597898652699,154.9680914512832
Nosso Primeiro Beijo - Ao Vivo,Gloria Groove,77,0.848478469488792,0.862157834155096,11,-8.024950701882636,1,0.2606673849922929,0.2992969821986632,0.02630343614278581,0.4724891005134762,0.8372568096718869,150.3087843447597
Mela√ß√£o - Ao Vivo,"Z√© Neto & Cristiano, Luan Santana",64,0.7410482817544118,0.5927700689263359,6,-10.956112379295446,1,0.21527826325423755,0.46126818538033115,0.024730893989711164,0.48187394196752115,0.5959678131679005,140.96426375440578
Sombra Desconhecida - Ao Vivo,"Lauana Prado, Z√© Neto & Cristiano",76,0.7968746740867935,0.8087715235833819,11,-8.676424314972813,0,0.29899342602694334,0.3663563458888142,0.02037904633712279,0.4302702187324719,0.6325398636709243,151.96752346809626
Qu√© Pasar√≠a...,"Rauw Alejandro, Bad Bunny",79,0.8918401664000416,0.8480843239249146,5,-7.028809310509961,0,0.26281302357500447,0.27048486357448465,0.025677337661148616,0.43711869392797853,0.6793204230812734,165.37908138095653
Tu Boda,"Oscar Maydon, Fuerza Regida",93,0.9205356265514886,1.0119371355413274,11,-7.146450346210349,1,0.2912755453223239,0.3041823928618437,0.007499669095894071,0.4910075070791707,0.7507244329251854,163.32504581311326
Despu√©s De La 1,"Cris Mj, FloyyMenor, LOUKI",86,0.8292678371332024,0.7381764204263714,2,-9.931701424440487,0,0.27559762740038474,0.3017132532610014,0.01047874263380874,0.5101387168089622,0.6962224304223346,156.19451527137568
EN MI MUNDO,"Jasiel Nu√±ez, Peso Pluma",74,0.8036170247197384,0.6990035031925648,10,-8.874455596315553,1,0.30525563140729073,0.3434766248355506,0.013240229021047812,0.43498231957787353,0.5961852470381588,149.7665960775331
Presidente,"Gabito Ballesteros, Natanael Cano, Luis R Conriquez, Neton Vega",65,0.7522420745890075,0.7390161248143535,7,-11.333163180697102,0,0.23172056006582178,0.47296208559743247,0.023441122280341228,0.4422084364680028,0.5955915796940269,147.15878836475477
NEL,Fuerza Regida,89,0.7745492524936168,1.1287294039835774,6,-7.201493814857178,0,0.3143510511921891,0.32408906227993706,0.011009033422259585,0.423248716957087,0.806092156341775,167.18842569941108
Si Antes Te Hubiera Conocido,KAROL G,93,1.0138970298871275,0.9137124169711327,5,-5.9253510841967225,0,0.3016535967952051,0.19523630045016402,-0.0007184083540947425,0.4637887012563359,0.774081005432695,156.6103964140432
Imag√≠nate,"Danny Ocean, Kapo",73,0.8043570902060063,0.849820088322208,3,-10.48336012277526,0,0.2525821698454864,0.4089614613228664,0.022120816066256342,0.3996494944839684,0.6465922192281262,154.3723019415416
SEXO ES LA MODA,"Maria Becerra, Yandel",73,0.8618944837290106,0.7760965749144328,11,-8.989871078471376,0,0.24319409012506127,0.33309284891880575,0.03456072990367992,0.4112066628307443,0.6882878598998234,137.799331622077
+57,"KAROL G, Feid, DFZM, Ovy On The Drums, J Balvin, Maluma, Ryan Castro, Blessd",83,0.882745394218217,0.9238563314800192,9,-6.862787209977769,1,0.2675312126693334,0.4156235074304109,0.014300708793761243,0.42499846670330527,0.6339725951639409,159.4674135722737
Ferxxoko,"Joyce Santana, Feid",72,0.8036500139092022,0.7583979451581667,0,-8.986618969630028,0,0.22223119534675265,0.42713649972238205,0.021602175226133072,0.32404653506660175,0.7698532778150478,147.12342516591525
Nueva Era,"Duki, Myke Towers",82,0.8506085147606032,0.7811448748161641,8,-8.411301611849785,1,0.2697113976646532,0.2981802675121876,0.010319310295020357,0.4090326633999789,0.6845030933666459,161.10215483038564
PELIGROSA,FloyyMenor,81,0.847731956050406,0.920243620551954,2,-8.522624259167015,1,0.28485489186660284,0.3543984953151176,0.013052253285098708,0.4956648051495533,0.7125846567466383,152.19890975820067
Q U E V A S H A C E R H O Y ?,"Omar Courtz, De La Rose",89,0.9013315203505405,0.8167110129631047,0,-8.21519612464642,0,0.28230885290097,0.23848857484602803,0.018934658939289445,0.4479302761505648,0.7764277251269396,153.54879164784327
DURO,Quevedo,76,0.7424650034707806,0.806532596305501,3,-8.175529619108156,1,0.23336011942600057,0.30863865534618856,0.013944241135983425,0.376513954151959,0.7064582673537126,153.91539215644823
PI√âNSALO,Junior H,84,0.9105241171629607,1.0117919829299793,1,-8.324571981050726,0,0.23578333508511978,0.3246380231054941,0.01334087504548324,0.4624158666946087,0.5896926504311786,161.2387198883612
Soltera,Shakira,86,0.8809008498849705,0.8250968781631594,10,-6.161566358060096,1,0.30500948663256,0.22232559202405858,0.005747851222096466,0.49774944024361634,0.7551897635263622,155.0743414871509
DEGENERE üëë (feat. benny blanco),"Myke Towers, benny blanco",79,0.9057135322325008,0.8446467109845566,10,-8.722598779158512,0,0.2121773807762688,0.3336527700678848,0.025659944288262848,0.4250673044571274,0.7387611970843612,154.1639781586611
SE ME OLVIDA,"Maisak, Feid",84,0.8215355914880527,0.9010140212259491,7,-8.314183930966504,0,0.26860111838922024,0.2855785746810144,0.00039626630353773763,0.41490468835439287,0.7265060897165383,161.96499896523773
Hecha Pa' M√≠,Grupo Frontera,82,0.8279804740883917,0.8953248229680542,1,-7.444693385184173,0,0.2702513346320278,0.36961490091602583,0.004616152348019516,0.42047081898721056,0.7679186355216988,158.47101931239
Cholo 7,"Fuerza Regida, Luis R Conriquez",75,0.8278922122713858,0.7221282985673337,1,-7.992940062980794,1,0.2600962157280227,0.3553655932756585,0.026276959129933008,0.35078500259843204,0.6774634162769,160.49995343181183
SE TE NOTA (feat. Peso Pluma),"Myke Towers, Peso Pluma",72,0.8169563822421575,0.7820341957730094,6,-9.069762687075176,0,0.2717108641224933,0.31354086531674297,0.028635589739838867,0.37333161274046867,0.6061768739366376,146.03555258435838
SI NO ES CONTIGO,Cris Mj,85,0.8282357607917996,0.8781544191613836,6,-7.642375902686836,1,0.28267555219662516,0.19423661014237642,0.0024027826073302148,0.42291971528879624,0.7834663369827948,155.19660618329326
EL LOKERON,Tito Double P,89,0.8769244278847009,0.9877822412924029,9,-6.2625016297492575,1,0.3018161001672979,0.30032120019685976,0.0013521754351157808,0.4193769472545601,0.7128251630786668,154.74187947206235
Ese Vato No Te Queda,"Carin Leon, Gabito Ballesteros",74,0.7798333011375891,0.7918979044960157,10,-9.628237687373169,1,0.26257428202785554,0.34208026847073675,0.041709330168785946,0.3991827922688919,0.6952081220029813,138.40606070868486
Como Pacman,"Alem√°n, Gera MX",68,0.7647786506210504,0.8710448798431992,0,-9.85057932595294,0,0.24086302216883929,0.39394070768000816,0.019855983314904485,0.41641804959375855,0.6262483930301052,147.2473174426748
Morena Canela,Chino Pacas,78,0.9194591222549763,0.8684056957337037,0,-8.221199417611635,0,0.27458979894697627,0.31835387376606494,0.021289073292782474,0.4824524151941485,0.5697424162701025,153.99219714899544
En Otra Vida,"Yami Safdie, Lasso",79,0.7910751900363073,0.991946968760299,4,-8.628685110052032,0,0.2700445566661804,0.42690743296257005,0.019001698161899255,0.42543415061127166,0.7908467703168046,148.6858654405368
Ella Us√≥ Mi cabeza Como Un Rev√≥lver - Spotify Singles,Airbag,60,0.6791722603567829,0.7231228383234214,5,-10.904449266668157,1,0.19979244324309836,0.5102385267810364,0.05367743198081827,0.3674921452988131,0.6147581456597969,139.10438312315466
KINTSUGI,HUMBE,80,0.8098119734221018,0.9064563730232323,8,-8.371411908324003,1,0.25689326141624835,0.2614133805825236,0.013525239394938632,0.42843711268826234,0.7293197476521824,152.36381416506887
UWAIE,Kapo,87,0.9037866715012717,0.9433114581348869,0,-6.93565399350354,1,0.25645078837546,0.22629284765482366,0.014587985016427964,0.46598588996295354,0.7680817515074981,163.65979256156115
Pa‚Äô Qu√© Volviste?,"ELENA ROSE, Maria Becerra",55,0.604847298122179,0.5446930545602219,5,-10.703170834860565,1,0.21441208534886833,0.43384221920373556,0.05619441742341203,0.3342891407057516,0.585799276147473,128.11975757366895
Una Velita,Bad Bunny,74,0.9144028368769845,0.9091168198076386,8,-8.533769892285456,0,0.2456753668015391,0.3544607861577898,0.03418785377809643,0.3522538489297978,0.649701926922878,160.95999707528273
IA,"Clarent, Mora",80,0.7925787199610729,0.8509762700971785,8,-8.584039961914947,0,0.24214084012057183,0.25164761989722073,0.023461469251066208,0.3798069308588296,0.6126706894721607,150.8877083178922
Tengo Un Plan - Remix,"Key-Key, Ozuna",41,0.44727389393800776,0.6590348982728866,7,-13.375155205043088,0,0.14983344575889712,0.5468595699562625,0.06689900984703584,0.33312031359172917,0.524245349402246,128.19195370310234
Siento que merezco m√°s,LATIN MAFIA,73,0.7613551759945995,0.8836683492907915,0,-8.982542866873086,0,0.2610173451496947,0.2220941219216445,0.01894687460820225,0.4200796785210791,0.7339932034201638,148.08598651552933
No Me Cansare,"Sevdaliza, KAROL G",66,0.8323152507672352,0.8038970334369551,4,-9.974458908879114,1,0.2429097692000723,0.41256897202973963,0.023265024554079392,0.39443654485616775,0.593337521659426,148.8227884956619
AY MAM√Å,"Tito Double P, Grupo Frontera",85,0.8365971626605986,0.8235051891237445,4,-6.706105221980083,1,0.27438545721697843,0.2833778490631052,0.01303120414332316,0.49158148609728913,0.748105629436212,154.18833926277924
No Son Doritos,"Clave Especial, Luis R Conriquez",81,0.8744837250362408,0.9615550458474367,3,-8.882246819884273,0,0.22774570744741288,0.22453193811737154,0.02040905880709061,0.42706447951907917,0.7196545038480856,155.8972048746943
Frente al Mar,Be√©le,78,0.8511164664745752,0.8456778026240004,6,-7.941174275720069,0,0.26629760603486713,0.3500202833289208,0.03705361360342988,0.46342297712118685,0.7197819061058458,158.16897180988082
Soltera - W Sound 01,"W Sound, Blessd, Ovy On The Drums",82,0.7545251508089122,0.903344672962938,3,-8.20968897174516,0,0.24573711279541427,0.32008419339235317,0.01006226914769187,0.4728811475854409,0.6741170885801777,152.61906504205655
JACKPOT,"Belinda, Kenia OS",72,0.7025267481049724,0.8077377873592744,10,-10.727477446784267,0,0.22020087550017964,0.354106630318038,0.022170124249690486,0.46506049500698643,0.7127584259008607,149.1101486429307
noviogangsta <3,Emilia,77,0.8231710628586049,0.7856920928566256,3,-9.24884255021333,0,0.24263672754950902,0.452050984983057,0.011359617244104362,0.4423512829902853,0.6431064964250063,151.25816906383827
Giza,"Natanael Cano, Oscar Maydon",82,0.8171695847238665,0.8941543324720359,0,-7.596625537775256,0,0.24885203457453559,0.363791454462719,0.026074501554524697,0.44943326517091825,0.6397600339773091,160.20034433638634
DOS D√çAS,"Tito Double P, Peso Pluma",88,0.8952950615934586,0.9494105283228264,9,-6.933030821459726,1,0.27332789412725217,0.2881539810682112,0.006259013932131384,0.4502464554715341,0.82586012801748,165.60532782350901
WYA REMIX RED,"J Abdiel, De La Rose, Yan Block, iZaak, Jay Wheeler",80,0.7731012128944341,0.8336440667314157,2,-6.295069432612268,0,0.2722572103619006,0.39712612539883063,0.00961170398726976,0.40150464164792726,0.7166596843584816,152.22955297679258
NO PIERDO LA VIDA,"Calle 24, Chuyin",77,0.6893533629305515,0.8514487825231885,4,-8.90906430767905,0,0.21421734784055135,0.3382636973308736,0.017019560509866742,0.517106135404569,0.6463667444576762,151.6802144020162
Rey Sin Reina,Juli√≥n √Ålvarez y su Norte√±o Banda,85,0.8930820887242579,0.9167954667610425,4,-6.233106638235793,1,0.25729303325017744,0.17593179959459654,0.016216796962627202,0.4549546527327708,0.8080842892377229,158.42723851542124
Tal Vez Fui Yo,El Padrinito Toys,80,0.8071063467284927,0.8537896698825352,4,-7.349107882602318,1,0.25326100784598055,0.439939131821502,0.007954685632909426,0.4125094948758719,0.777099538867667,157.40983924523283
REGGAETON MALANDRO,"Yandel, Tego Calder√≥n",65,0.6747838341919368,0.6688509388544054,7,-9.972129650729688,1,0.24659861892685636,0.3949164474192184,0.05431647699068279,0.3496118714881671,0.6247132718826985,139.2595048612974
Colours - Captain Cuts Remix,"GROUPLOVE, Captain Cuts",37,0.5387688520950907,0.5086124584368044,1,-16.085719583785007,0,0.2009469208518795,0.6339750272827473,0.06581829594992342,0.3248062795963526,0.4591640112176782,122.64388992347844
The Nights,Avicii,82,0.8741327362947541,0.9066224381794639,9,-7.5014561617318405,0,0.27936251169666837,0.2600697521909959,0.00852521889873658,0.46702055437774304,0.7889339384886245,155.72749040043453
L.A.F,BROODS,0,0.18083658231209856,0.3033467352360257,9,-19.15669927459988,0,0.12935545417912891,0.8419913535453946,0.10919361142417203,0.140212669264801,0.22905129818498082,94.99510463230811
Cocoon,Catfish and the Bottlemen,0,0.19109355813684825,0.4358361307170829,1,-20.38001496010705,0,0.12027171764854763,0.8278290486515398,0.11327029462862427,0.17829080182381976,0.3165162297906898,94.06513322606628
Crystal Ball,Death From Above 1979,31,0.4656994711527728,0.4650622090304469,6,-16.080245761456453,0,0.19754044989648673,0.627687543737619,0.06994609387513558,0.22369143779727507,0.3630428773683844,113.95591607049914
All Or Nothing (feat. Diplo & Bunji Garlin),"Elliphant, Diplo, Bunji Garlin",38,0.4782598756587822,0.7061808588042817,3,-14.6080881849704,0,0.1901313692603845,0.5598434527164562,0.0625214485373715,0.2104362154280452,0.49153756197159365,112.27412539828576
Purple Light (feat. Doja Cat),"Elliphant, Doja Cat",38,0.5509865794639319,0.611801231277434,8,-12.142278345049563,0,0.17612033153648457,0.5759701174997167,0.06595926539555863,0.2739865772556013,0.49084557517483274,123.41217554792775
Come Alive (Shining),FMLYBND,38,0.5589382145405789,0.7014110965039617,2,-14.284685293602982,1,0.1715078839624223,0.47355243666829333,0.06725543835695763,0.28693708927643125,0.4442507497990927,120.58525195027767
Are You What You Want to Be?,Foster The People,52,0.559733017793476,0.7049128021486347,11,-12.226167123141199,0,0.23022376997540656,0.5303473313093608,0.043401906600533294,0.37345867428996593,0.5436322527944205,134.57146502845518
16 Years,The Griswolds,0,0.19878027724765673,0.3117969190906497,8,-19.784790779398687,1,0.09590198795702573,0.7375872354199919,0.09458239077730712,0.19836416917199465,0.3314764196921191,79.50427634499556
Busy Earnin',Jungle,0,0.10432999010304804,0.40597250092871073,1,-19.741397450010055,0,0.0670458235804889,0.7637384873056091,0.09531070981487859,0.16721137770587252,0.35330693197411306,85.92347605191982
Around Town,The Kooks,47,0.5723365125659443,0.6194483285127587,0,-13.246117864595469,1,0.1884186216718242,0.5327033883510438,0.049886224244605155,0.37120341426488107,0.5869154141080963,118.60906031685553
Walk,Kwabs,53,0.5697939298876744,0.6834844991252466,5,-11.989941276556875,1,0.22786455027429828,0.4714357632396592,0.03244809817838306,0.31682065545544297,0.5339956757566566,124.1276956887549
Palm Trees,Lowell,0,0.19035302970193443,0.27029390174441587,7,-20.286677739471852,0,0.09345298559559528,0.7559798421448168,0.10045149203760236,0.21322811989830792,0.3040604251895914,92.42707227269514
Tonight,Magic Man,37,0.4266607298390046,0.5509928958074759,5,-14.011853663353033,1,0.15250198181689734,0.6703176392468565,0.05478194127540514,0.2931140224984271,0.5146007761313613,122.96021646906115
The Valleys,The Mountains,40,0.578569198703573,0.597797958216363,6,-14.177732501475337,1,0.1871375679164042,0.5410616925305427,0.05191867079775061,0.30853308473024554,0.5424223220087988,115.23659685090459
When the Day Comes,Nico & Vinz,48,0.5618933037208617,0.6950150895823919,9,-11.538868425382494,1,0.2113043877129124,0.5034694648255328,0.03993090311358882,0.35182220230703576,0.5850571943359009,131.46711184114892
Everlasting,Polock,0,0.20357153868748964,0.29402831939767515,1,-21.120998913212702,1,0.1026591038049458,0.8469737923182269,0.10619570812022334,0.2371596712954992,0.40326182551298934,89.0103097174404
My Type,Saint Motel,66,0.6975110802401958,0.7972965702060847,9,-10.499852102488052,0,0.23692095324021928,0.39018132167297515,0.041696540800564744,0.44077614480753463,0.6494678740001925,145.96658596276566
Wild Heart,Saint Raymond,34,0.4110244503352132,0.5879811040474403,5,-15.699651346867176,1,0.1690826218551447,0.5377413559958963,0.04799054769339239,0.30213689380609837,0.49025551720004046,118.07692740627894
Brasil,Sante Les Amis,0,0.20082982052061404,0.30680287331357664,11,-20.472313184599347,1,0.10181487921255138,0.828550228260154,0.11034043148315038,0.15512300800279355,0.2565635890834267,85.96886876229908
Sunrise,Slaptop,0,0.19457560633484255,0.3558514226766648,5,-19.848343736255213,0,0.12272032769932165,0.7008225163527253,0.10356476478492056,0.1533532663314062,0.3756884493455568,92.85312925603844
Sunshine,Teddybears,24,0.38434672479808374,0.39564457116013985,1,-17.146958812589077,0,0.14790671100333944,0.6114288161111945,0.08696712369522303,0.19985476336222896,0.3924619706103063,111.22128070220225
Pressure,"Tensnake, THABO",37,0.5341389577496849,0.5012600220990092,2,-15.02551273759254,1,0.1875546981822095,0.5071260567520338,0.07387232312743233,0.3773001763152856,0.5560471696157017,116.44752722802603
Hit It,American Authors,0,0.205318729788087,0.12183491956401649,10,-19.545124401052206,0,0.1087737304439945,0.7773263357196242,0.09789502127869522,0.2484469741520949,0.2967466271954121,93.24094602264776
Alive,Empire Of The Sun,0,0.16461557308448338,0.3140683616170152,9,-21.394071277961494,1,0.0948509252408739,0.741452311989269,0.10577304185398691,0.23592543426426343,0.34671620512244866,96.87131561433378
I Know It's You,Guards,30,0.4491692005597947,0.5116722282934715,6,-16.89904936961053,1,0.1684811882789653,0.5979373337860245,0.06033685990404579,0.3039560825529328,0.3960414117379097,115.13702695078895
I'm with You,GROUPLOVE,33,0.4640322440161668,0.5126352520720566,6,-14.118395762047925,1,0.16378173884477668,0.5635874289322558,0.054323792218673304,0.2973428393445643,0.385337904271224,124.60340375142044
Dreaming,Smallpools,48,0.6127112563114089,0.684399076098504,0,-13.946245544223801,1,0.2070275497581923,0.5165419292011127,0.050465711237757414,0.3063658557435864,0.513622009828833,118.08928403881484
Worship You,Vampire Weekend,0,0.252337446971457,0.2093840398132673,6,-21.283259096123384,0,0.07663578940139948,0.7803559838924269,0.10812541490164435,0.2316566330332333,0.2361586891288614,87.03162383162197
Little Games,The Colourist,0,0.23746520555027636,0.2786081338004625,4,-20.184139369516792,1,0.10516264445245027,0.828233411232413,0.09317044007258786,0.25418020712809386,0.3105430862994202,91.33131005233129
On Our Way,The Royal Concept,49,0.5949996192971212,0.6992379060953706,1,-12.483883142893593,0,0.17264958429084115,0.516034262929962,0.05683018335587815,0.31865485002159627,0.6169254641477921,133.5019598493678
Love Me Again,John Newman,0,0.19770788500922193,0.17785986317296787,3,-19.27712945880754,1,0.11547087520120033,0.8793797255746181,0.10484125338815621,0.226546100715458,0.29970831776914814,90.63376099308402
Purple Yellow Red and Blue,Portugal. The Man,52,0.6565697854911624,0.6730654999979269,2,-10.258592091412094,0,0.1867112435040304,0.46088505368554317,0.05248035244021874,0.3286817576528118,0.5955534855945871,137.55464060948668
Am Ende,OK KID,35,0.5224956571856524,0.5045762770482233,10,-14.536221736842968,0,0.16622656068405156,0.5695661880545098,0.05431441961532523,0.2998655233708383,0.5101356501284561,125.80989531726816
Voc√™ Diz Que O Amor N√£o D√≥i,Marcelo D2,47,0.5096680305505181,0.7972917423162627,4,-13.470222503836938,0,0.1891281309007184,0.5000390724385804,0.04706287821731928,0.314333849641713,0.6182090565568485,134.1905953366662
Compliment Your Soul,Dan Croll,39,0.5042681201074412,0.6442092305951302,5,-13.245537365677587,1,0.1870897992125826,0.6558598754613892,0.052971000016232575,0.2884016177436306,0.3917490509907268,121.04954696463014
We Sink,CHVRCHES,0,0.1866217373266698,0.28702271054124545,1,-19.145003710467638,1,0.11814723970922292,0.7141512603839377,0.08750132461932181,0.17945736924855255,0.32061864956549024,92.56284526184501
Panda,Astro,0,0.24719258597959579,0.26164203440863604,5,-20.639776661889723,0,0.09342892059527896,0.7897867937667163,0.11932218640822145,0.21827119699902792,0.2789943546281947,86.8003602334825
Feud,Band of Horses,32,0.4908969159074913,0.5983977917302972,11,-14.713847322047716,0,0.14611508182873764,0.5554492899731451,0.06650369353257586,0.3334265478139094,0.3614868944340644,118.69536683761959
Speed The Collapse,Metric,0,0.08640517794415203,0.3286119975285987,3,-18.970361561987755,1,0.10062955971236504,0.7824763539997007,0.09500328292549763,0.22952396215046267,0.3494207943508788,86.35688948065675
Goldrushed,The Royal Concept,0,0.12921211284169998,0.25414633873684095,4,-19.643787351008054,1,0.13699269207985912,0.772067781019052,0.07590884216978125,0.15407415643887645,0.18956287162147128,83.32835059553723
We Come Running,Youngblood Hawke,0,0.15774218744625773,0.19970070793346756,5,-20.40617797580736,1,0.060844311228634845,0.8450388109441505,0.10378148005403198,0.2658946717245799,0.3097685290222358,88.35470332966385
Quesadilla,WALK THE MOON,40,0.5115088785229829,0.4877304600494413,11,-13.278179087499167,0,0.16011097996219617,0.5105534692173389,0.05494141464454416,0.23615298727655326,0.4902687636083125,126.31139139692225
Sleep Alone,Two Door Cinema Club,0,0.2027507772246681,0.34133758074518306,7,-19.317995274789588,1,0.07373212276460983,0.8018095104326382,0.09587241517043651,0.20705308260562816,0.15409879115166078,83.25938126186396
Escapee,Architecture In Helsinki,0,0.17762203690830022,0.17661960705092583,10,-19.7697193882807,1,0.0673193801021376,0.7573076587634959,0.0893189091278008,0.20076291596931264,0.2585621379471383,84.28661216602369
Open Your Eyes,"Alex Metric, Steve Angello",0,0.2075672797712576,0.28229886100874396,7,-19.80615165560988,0,0.09509162037014421,0.8581794429918348,0.0991512260576162,0.20142053058041867,0.3789413303745631,95.31916020850439
Not In Love,"Crystal Castles, Robert Smith",0,0.11402556256609972,0.3710892748720812,9,-21.695773759212724,0,0.1226601987703684,0.8376921178590255,0.10475656760976246,0.21358151857678043,0.3791908745761242,92.50373429669321
Circles,Digitalism,0,0.17756742875866416,0.3145206975181584,1,-19.36999996222999,0,0.09961922447817677,0.7306170224950531,0.09121367730874229,0.13238746319515665,0.2741797916430785,90.68440285288119
Punching In A Dream,The Naked And Famous,0,0.1350431989429794,0.3047762886189561,4,-22.518395066440608,0,0.09299176269387371,0.7948079704632645,0.10899873963064477,0.22558557698643872,0.2524558956829714,86.47689631543818
Will Do,TV On The Radio,0,0.09302203343689525,0.3202719054627437,2,-21.095192898195908,0,0.09794275083112676,0.6737544328750871,0.10650215855821088,0.24730378006594173,0.19445688612371487,96.24640376064576
Call It What You Want,Foster The People,0,0.24673201892422306,0.18531725175326327,9,-19.43231215035985,1,0.10012726618852742,0.8335583847348053,0.11406384705564632,0.05593890088933415,0.31691412935801005,88.34748801706402
On Our Way,The Royal Concept,0,0.1199808208481738,0.382113339410147,6,-20.56485564368794,0,0.11010983528412616,0.8861150511301483,0.09678724552866734,0.14366979353387832,0.3233133850087737,86.30528898597663
Professional Griefers (feat. Gerard Way) - Vocal Mix,"deadmau5, Gerard Way",0,0.23278502580652183,0.22832545583414626,7,-21.783748517373983,0,0.11338526681150156,0.8391949252200105,0.10747446327485208,0.13221093233990866,0.17117885917306003,81.14129447312277
G# - EP Version,Kitten,29,0.423627138446291,0.5040535150638177,5,-15.460773048816305,0,0.15361183703515746,0.6190211298447386,0.07456722169850621,0.28178368561441985,0.35644456015921977,119.00233362265675
Rules Don't Stop,We Are Scientists,0,0.16859062849104245,0.2935292445342567,10,-21.880191980659273,0,0.11278916348879786,0.797655770461434,0.1123915325557333,0.19991318167413402,0.28358751505175683,91.24060323901881
Rhinestone Eyes,Gorillaz,74,0.6910834622908377,0.7676992230782258,8,-8.4857129565946,1,0.2498082856381754,0.336447782807441,0.027227354326156653,0.44497034690248927,0.7145818136898124,146.5953401371932
I Can Talk,Two Door Cinema Club,0,0.18946050584818705,0.22814472530007973,3,-19.157056761006736,0,0.11840652311515734,0.8680682726334159,0.10882465011590105,0.1680327357216699,0.30643329551827064,98.62249730363526
Flashbacks,Ram Di Dam,0,0.14169132457091316,0.3844667865694019,0,-20.242145842927233,0,0.07710400353839708,0.8179698176850085,0.11030824625881502,0.15900322742589704,0.25112922612416283,89.02969396989533
Fire With Fire,Scissor Sisters,0,0.1360930363511239,0.3579495635775149,11,-18.387978607189922,0,0.10883808241994046,0.7939543326443557,0.09224498146763123,0.3293367402067705,0.3280932189307629,86.38707730746988
Don't Turn the Lights On,Chromeo,32,0.5234990707936903,0.6342830211798162,10,-15.48176688926671,1,0.12454296342244617,0.6635863561755228,0.06303118077669817,0.2828551018296518,0.5288267076928448,115.38280824685818
Controller,Howl,30,0.36960536805213223,0.5414543864410825,7,-15.529685554051218,1,0.17234991500242294,0.6534802009827442,0.07943731325179335,0.3601564933341619,0.48297750010263896,110.47482254007997
Can't Sleep - Radio Edit,Adrian Lux,0,0.14079846966206683,0.2902984598178142,9,-17.861678733493413,0,0.10413613235923598,0.8643031791430038,0.10699442458640225,0.11357188939925128,0.2777621987759669,88.89361880365213
Ace of Hz,Ladytron,0,0.18832391603627183,0.3451758943526937,11,-19.405931316947395,0,0.12992400161070566,0.783248882170982,0.09291737469041189,0.2101959604013688,0.3322989256394852,88.66888560834853
1977,Ana Tijoux,51,0.5884198125564759,0.7265236111062048,1,-12.474392965789407,1,0.18077605940538688,0.45759319786254943,0.049238268157957496,0.36963365847086244,0.5639009585005126,132.22480448085037
Around Us,J√≥nsi,28,0.536345258382547,0.49813057805128813,1,-16.577401190952926,1,0.1523942000211201,0.6651341138883289,0.08263180691235697,0.2508825633622464,0.4079191607329798,109.72106400262064
Paper Romance,Groove Armada,0,0.26323555665391657,0.18157199583197886,3,-20.531247488084258,1,0.1121189734932962,0.7859905903933095,0.10277824800478001,0.21150609716445867,0.29422555932447303,100.56336964782491
Break The Spell,All Mankind,0,0.23063365498015234,0.204716486353339,4,-20.663440415249656,0,0.13712054401426646,0.7508491664793806,0.0838111739472477,0.2600078691200754,0.2602473436214402,89.24888184916041
The Phoenix Alive,Monarchy,26,0.5016976705739575,0.5647884743680773,8,-17.113220819260665,0,0.15294936619624636,0.5729506772085133,0.07193542762229023,0.23291893205767933,0.4094363512922425,115.14863705966387
City,The Medics,0,0.29249177710430685,0.2749050595136808,10,-19.910155244865845,1,0.10955904179626594,0.7960520623519042,0.10403138180106,0.24177441330519114,0.3779279967274237,85.26624013543571
Levanta e Anda (Trilha Oficial do Jogo Fifa 2015),"Emicida, Rael",0,0.26736913283413594,0.17830442251560422,8,-20.889355236791125,0,0.1086029281712034,0.7199173811378295,0.09630755318578421,0.19501618254072292,0.23603939053917194,96.84105666100629
Bye Bye,SAFIA,36,0.4882502667597902,0.5188714567291582,4,-15.283919077507242,1,0.1867807067778605,0.6122422626045319,0.05215058995464894,0.33386244203367127,0.5545591248429269,105.24210841818794
Walls,Slaptop,0,0.1138109670823046,0.1916565635917325,4,-19.180058321576343,1,0.0886286867944259,0.7952599173475441,0.0834707763588777,0.21933497337103466,0.3510847243862973,87.92274148769337
Hurricane Jane,Black Kids,21,0.39167343189738213,0.3215403377708115,7,-17.243108769466463,0,0.11869435337363624,0.6758521961863744,0.07898873342596988,0.3016017140104964,0.4581316205288175,107.72540701826992
I'm Not Gonna Teach Your Boyfriend How to Dance with You,Black Kids,32,0.5303808779833116,0.5855599535813999,10,-13.714235149790365,1,0.17682538799536884,0.6068171144350243,0.05823231059688969,0.2610350402714312,0.47254947066047703,122.72064163713493
Kids,MGMT,76,0.9019634664410252,0.9242580467098038,3,-10.015520868504167,0,0.3057035768540419,0.3238601510994515,0.021839223338063433,0.3091250326601224,0.6089436541545342,154.35160216191161
Electric Feel,MGMT,78,0.8040234638891541,0.7539039575061204,7,-7.345044139837089,1,0.2609762430510089,0.3820550986642132,0.026555984164783636,0.48458324309684164,0.6780949527859285,145.18369810554077
Magrela Fever,Curumin,0,0.18722098157613126,0.33958043350492395,11,-17.291999423148262,0,0.12681942600221427,0.7687363427202225,0.10228554719964576,0.18842224155544957,0.3731992590631118,95.8951857019627
Again & Again,Keane,38,0.5353586846845357,0.5924475938555734,10,-14.881181013007897,0,0.17139710595474517,0.6235091117220043,0.045365819743848096,0.3048020244607008,0.4444980253844205,118.06538340644501
Dirty Little Secret,The All-American Rejects,64,0.6717200502151548,0.6623520719939319,0,-9.890161679253046,1,0.21471288957834936,0.4316000552983689,0.030405894183608315,0.3830681579426508,0.6132658717823524,148.41377986246385
Just Hold On,"Steve Aoki, Louis Tomlinson",55,0.594781942841494,0.5946682180537045,3,-11.861796175640068,1,0.20269072020246054,0.5218482298524122,0.04495654563963862,0.31425813312698325,0.6941748928265463,131.55648681078122
God Knows,Mando Diao,38,0.5092279345744923,0.5960980360613712,4,-14.635211358860536,1,0.16394389781764232,0.5976250317195125,0.051736887197173134,0.28225369271672834,0.482781779483487,124.45894564120833
Helicopter,Bloc Party,2,0.28358413670458954,0.34311047318581245,5,-20.100900751225478,1,0.12461923888980685,0.7319229224436232,0.09677713161254052,0.20947664059440044,0.2945845537647365,94.85053599240854
Black And White Town,Doves,39,0.5893412840269601,0.47841087719102987,0,-14.847506550837899,0,0.18681919611035658,0.5093073866057564,0.059778709196633084,0.3272313456175243,0.42136405664356513,124.98413767255842
You Are The One,Shiny Toy Guns,0,0.29832032201060554,0.36742304842464546,4,-20.09427142762964,0,0.08990469718236804,0.8066303720834751,0.10611970571998504,0.2277730916661041,0.3339238907086043,82.94348203727847
"Dear Scene, I Wish I Were Deaf",Nightmare Of You,0,0.17678639886432537,0.2734272763454741,1,-20.738929213086966,0,0.07576554134192126,0.7841989811471359,0.09196552083099194,0.18240523901619454,0.27215433474768974,85.6677766035871
Gone up in Flames,Morning Runner,31,0.3944744283055519,0.49995828189938396,4,-15.645869161447498,1,0.14987861475451233,0.6548585588506677,0.08558944289587227,0.30730586139304356,0.4267837256585792,113.51370680540549
Supermassive Black Hole,Muse,78,0.8527082116904681,0.8959303572119787,7,-8.756533780157767,1,0.2515771473799236,0.3031696167005459,0.027008830441757295,0.4180549725340407,0.6279582144912145,151.49932782723513
Flake,Jack Johnson,0,0.10917202766463242,0.2623326715958642,4,-22.520404683781955,0,0.1040331710299495,0.7635401622007169,0.11091957182698822,0.2381107796098791,0.3664008219802288,87.86652741990659
Moving,Macaco,30,0.41039341672988644,0.49889876324843746,8,-15.23217323993727,1,0.16457473395497874,0.5897972600169925,0.07576999848866856,0.21914390620332497,0.49198118223633935,118.64520410824053
Verstrahlt (feat. Yasha),"Marteria, Yasha",0,0.1863887858060386,0.27777352500014973,5,-18.348328647059937,0,0.09294615349772307,0.8443977246870045,0.10091282693816923,0.20023449085620554,0.27326399654647476,90.18183779758584
Colours,GROUPLOVE,30,0.29936834800598733,0.5247865695008167,8,-15.191085496775306,1,0.17259133674449562,0.6172562966517093,0.07195780074937576,0.3525198383953744,0.4337213233696985,125.52644149183111
Stare Into The Sun - Edit,Graffiti6,29,0.42477433283741933,0.3632451425514759,3,-13.808359306396325,0,0.1722127672155278,0.7016342323275396,0.0752760596137218,0.32143838222087656,0.5204485392951397,109.5203696607926
City - Jesus and the Christians remix,"The Medics, Jesus and the Christians",0,0.25430782633837046,0.2769651297755359,9,-21.08581687211431,1,0.10809318799659345,0.785960422767173,0.09373156188540986,0.26145041760486776,0.2844418079084815,92.82978616775401
Finale (feat. Nicholas Petricca),"Madeon, Nicholas Petricca",43,0.5163241018022764,0.42920412331275765,3,-12.526322234070875,1,0.16906345219567026,0.4965715014159916,0.053655283912893606,0.31949030586046245,0.5193711977110167,127.92796947219537
Shelter,"Porter Robinson, Madeon",3,0.20758308247554758,0.3514719036685801,1,-18.852600023428185,1,0.1263783480426757,0.6956705910575691,0.08241899866724255,0.22455353271727227,0.3705515684477671,92.65036108397022
You're On (feat. Kyan),"Madeon, Kyan",46,0.5520460511413563,0.6634365738232219,8,-14.809258328913536,0,0.18019948505430836,0.5367630168816508,0.05828320525622234,0.363910409664375,0.49436237428849644,122.24249612326943
N√£o Existe Amor em Sp,Criolo,0,0.19548829549720262,0.22626193996766222,1,-19.584326259210066,1,0.10888481500537861,0.8388661223316223,0.06246693145794514,0.24292292841634466,0.30349229626505186,91.43454381108855
La Ciudad,ODESZA,45,0.5934543191059682,0.6336032892714215,7,-14.157120000740447,1,0.16996921277907026,0.5002340019223778,0.04712436706010839,0.3493140982286136,0.47791783645034097,134.97277308773812
Midsummer Madness,"88rising, Joji, Rich Brian",10,0.3338376716424558,0.3940721552710848,1,-17.607806820704575,1,0.10256185594357076,0.807432798825996,0.08816430759339515,0.22581451914211015,0.34121999413022375,90.95248719118563
100 Degrees,Rich Brian,3,0.2163606190221982,0.22870802298477544,10,-19.300013265635588,1,0.11375251485023999,0.8285743317435635,0.1064167229041839,0.17334668715667806,0.28937088384036525,89.05242123156141
History,"88rising, Rich Brian",5,0.0948348727961944,0.3263237434804457,8,-20.109785620297178,0,0.09952271092931933,0.7568118506910879,0.09737483349161746,0.17763589999014912,0.23651580376473458,81.44251331486242
Drive Safe - A COLORS SHOW,Rich Brian,0,0.1296183901833008,0.30221808512401166,0,-20.86725391686169,0,0.11707919626945684,0.8786323840841447,0.09295614635925384,0.19970875663890728,0.28574764843991746,82.03776554222205
SLOW DANCING IN THE DARK,Joji,22,0.38543766348071246,0.515376527794139,1,-16.460627442632312,1,0.14399211879489565,0.598435785656652,0.07844342861421258,0.3310137730156857,0.5302597046522581,105.90764652731565
YEAH RIGHT,Joji,15,0.3446082154304979,0.5351275725618688,7,-18.085423028845778,0,0.10649138629461694,0.7440731295133021,0.08727415366994423,0.247474246095619,0.37877766741542546,100.57811311678273
TEST DRIVE,Joji,8,0.25334534051700536,0.24686253601222852,11,-18.764820705358094,1,0.10534789641990566,0.6887837573833253,0.10571041092172573,0.210009764797764,0.3844398523336271,89.14588920230347
Will He,Joji,67,0.7643146342143259,0.7583584107435618,5,-9.594135171777777,0,0.23679732780512136,0.410526162416315,0.042580529854106375,0.41824194534278447,0.622888510645778,148.80614662824684
See You Again (feat. Kali Uchis),"Tyler, The Creator, Kali Uchis",89,0.7628564026655134,0.8634335554797559,11,-7.475441242996975,1,0.27741307492593437,0.2898021589045611,0.001437743826307283,0.458308753123227,0.6744501812357666,161.75504983181312
Sanctuary,Joji,8,0.2574752453998421,0.41956174674563684,6,-18.306659502510477,1,0.13823179739108737,0.7238035942215211,0.08825205728400173,0.17618725255779544,0.2634653419963935,97.3002876887505
Circles,Post Malone,83,0.9593180291800705,0.8112788852324957,2,-7.920854333610584,1,0.29490293845878984,0.31768362534272904,0.036405449945568664,0.4549299722722979,0.6826092967569802,153.04278986650894
hot girl bummer,blackbear,2,0.13199639708591088,0.4046104584469879,2,-19.7412503058318,0,0.11656041625089529,0.8474594478733752,0.10278222896113971,0.181394168721435,0.23476044218552983,90.05616209379993
Better Now,Post Malone,77,0.7550849945889664,0.7419405028337079,0,-9.402960932070652,0,0.1973168756685256,0.3347837451058671,0.01861629447153893,0.49337613642245076,0.5988314839561419,162.15704427466073
Heartless,The Weeknd,0,0.19310656934805442,0.19270500412047076,7,-20.136087563801837,0,0.11403652400326264,0.7332659514875872,0.09990838692410359,0.21930788412831462,0.40048618848963435,90.54107385563059
rockstar (feat. 21 Savage),"Post Malone, 21 Savage",80,0.9214339418482271,0.821555766407365,2,-9.096112656760484,1,0.2796336984314582,0.3280269497988811,0.03400642229628152,0.5565754848861577,0.6713411235668981,155.9159082923954
Goodbyes (feat. Young Thug),"Post Malone, Young Thug",74,0.8526706814065573,0.759801146485713,10,-8.009629587178166,0,0.24425917067631525,0.30606055114613095,0.04193591719665601,0.3923425734623503,0.7236585697737106,158.07647495879104
Congratulations,"Post Malone, Quavo",78,0.86020487508626,0.7739315437585864,10,-9.055423082814881,0,0.21728609486837855,0.36895672091353865,0.015084258483394767,0.44837596318543005,0.716612563625107,154.3149335306209
Comfort Crowd,Conan Gray,61,0.7312841762349044,0.7811967358131864,3,-10.091623696191494,0,0.23236405117959308,0.46043433527209565,0.03392499653727942,0.4061966869180042,0.5033397358731436,134.7351218005636
Through and Through,khai dreams,0,0.26804029428332565,0.39088392099438063,7,-17.35804082885319,1,0.08178960311860387,0.7935843019737043,0.10375744017353346,0.19771686304944802,0.2523114907288595,91.39101210420388
Redbone,Childish Gambino,6,0.2909262761457255,0.2967239165571427,9,-19.278573463864955,1,0.09902091041967509,0.7106195865161745,0.09488512578516316,0.2600870030940094,0.4034835850553834,91.5183857860154
Psycho (feat. Ty Dolla $ign),"Post Malone, Ty Dolla $ign",73,0.7383132794088996,0.8593596196753607,7,-8.483523786350478,0,0.22398706681801062,0.23995964486613147,0.013561767181293484,0.4121936018448345,0.7201810099218918,153.36669888001398
Location,Khalid,76,0.8565587133374193,0.9319782057470685,8,-9.662947162503398,1,0.2736093155607151,0.24041720225693183,0.005498691773414492,0.37502150492943276,0.7677065939596891,154.27574134301656
Better,Khalid,66,0.7377770859013094,0.6646396124769783,5,-10.421337942959573,0,0.24425120302200137,0.412963725941074,0.03464751956891159,0.41536513863935304,0.6227616308725167,149.9741413594811
Talk (feat. Disclosure),"Khalid, Disclosure",67,0.7371292514530986,0.8142862616412062,5,-10.095341571121631,1,0.224397579321501,0.454581384683285,0.0387297096630292,0.37342994788569234,0.5863946993395694,142.29363503155136
Hurt Feelings,Mac Miller,65,0.7072859320229522,0.7568631123630393,6,-10.5751091090378,1,0.2400076210715103,0.3964141315856767,0.03659432829743884,0.40630962967995715,0.5705569422534399,148.64256182104418
Dazed & Confused,Ruel,58,0.739129570319566,0.736871765677531,7,-10.312284721366789,1,0.2429186107137473,0.3734168776746513,0.050033156110502054,0.37681200957428207,0.5588703113611546,145.3687812729406
Let's Fall in Love for the Night,FINNEAS,30,0.4887014770367957,0.4928864916861681,0,-16.153088968909877,0,0.1578736869361678,0.6312167358729498,0.07365258969073459,0.2851015742656876,0.4872813471696612,106.54767573748144
instagram,DEAN,61,0.702548900556597,0.7470459644489463,3,-9.626808356529102,0,0.2128274403076054,0.3263746849951591,0.038091783277280085,0.380568397439113,0.6171786839249249,142.84224177415842
8TEEN,Khalid,71,0.7423783054692145,0.8573623973685884,11,-11.010823863419883,0,0.2338582571753468,0.42096829008530384,0.014003033734274778,0.4616396563087456,0.6945607985618717,143.80594757403625
Honesty,Pink Sweat$,0,0.23457284886508448,0.3700974852041112,0,-18.622411808461916,1,0.122880816501548,0.7554625312790342,0.0931102407753415,0.16987294186531637,0.3976615849862385,96.80777448124296
Head In The Clouds,"88rising, Joji",3,0.19805688959141282,0.2949309302888941,1,-18.44517904854397,1,0.1266209277616056,0.7432988833493458,0.10715397943901873,0.1631302471945139,0.2730624403439401,91.99926704893583
Boredom (feat. Rex Orange County & Anna of the North),"Tyler, The Creator, Rex Orange County, Anna of the North",68,0.6787348204100154,0.6849425150873143,5,-10.135475137430356,0,0.24925353110624018,0.4076213645856564,0.04870197682874096,0.3581737753450918,0.6059376927529495,145.48440117343355
3 Nights,Dominic Fike,77,0.8528357688015881,0.77517773043759,9,-9.627781583823555,1,0.26214572424095905,0.3837950085851153,0.007377000485758201,0.36710225810368735,0.618245801478426,142.36141345074117
Phone Numbers,"Dominic Fike, Kenny Beats",71,0.8044385703995051,0.8798927419094974,8,-10.233235410198406,0,0.247269448554217,0.35344385744662177,0.04042663560880495,0.36718010121564193,0.7948267987496198,151.72442101255976
no space,Alextbh,35,0.6218802886976809,0.6574793472931494,7,-12.779185591380159,0,0.21566489125355653,0.630007330000905,0.06850628165842884,0.29668294901478487,0.5359972264797644,125.57335950329279
Best Friend,Rex Orange County,2,0.18901820600161573,0.27207409618084827,3,-21.181428709714474,1,0.0900329582944106,0.8281076152676123,0.09254629512115198,0.2784240984177203,0.32699113886995484,95.56251431819639
Ladders,Mac Miller,67,0.7360935497092164,0.743805833062409,6,-9.598099306015659,0,0.2372679122570179,0.4170895441269725,0.06083094671570377,0.5187584655841782,0.6371446067621117,148.30335102169863
Self Care,Mac Miller,72,0.7961969512730023,0.7495052250209846,7,-10.123175625818563,0,0.27879961836473083,0.2800224790501237,0.02468924604463848,0.4215180873657703,0.7834107922577125,146.27206561967188
IV. Sweatpants,Childish Gambino,1,0.234943440001264,0.3166321046160052,3,-18.000952204904795,1,0.09940588279454976,0.7823070505190174,0.09822763678281167,0.22400849934116746,0.3490981434119737,93.70761061135686
3005,Childish Gambino,2,0.2583831986573643,0.2566612915741935,6,-20.53498273926991,1,0.11921499897861496,0.7022400811661558,0.08978044690550391,0.22498950997208841,0.23740642916960375,83.11016551817576
Ivy,Frank Ocean,83,0.8561709951135296,1.022210043279034,8,-7.359989919778012,1,0.25284075198692757,0.2480985832684375,0.02369449431240605,0.36812138962945173,0.7327458483579544,160.77560426487705
Thinkin Bout You,Frank Ocean,84,0.8488344453982404,0.8259999375408608,4,-6.0796117884909675,1,0.2584776960126197,0.29702028816539106,0.026653427731985476,0.47161975257007976,0.66822784627658,151.08196379963596
Lost,Frank Ocean,81,0.8128828540076649,0.8690188056103427,10,-6.589542031728186,0,0.25141228711916896,0.36995808134419655,0.0008933276098610152,0.5220622493827318,0.7055801756651484,154.1006833052092
"III. Telegraph Ave. (""Oakland"" by Lloyd)",Childish Gambino,0,0.14785886574323762,0.2446799284045726,9,-18.92470050812421,1,0.11332123879677147,0.8544658934398623,0.09407253803562947,0.2533616724996596,0.2540578812152614,92.78595839114435
Starboy,"The Weeknd, Daft Punk",87,0.904908454406666,0.8568456200046807,1,-6.563681493798871,0,0.2643731219744173,0.38959616159558597,0.004911248306271255,0.45391578036529534,0.7891023274648796,161.44606439142137
The Hills,The Weeknd,84,0.8781274677750461,0.7934590090053028,9,-6.788136676599852,1,0.22945998548287888,0.2802471065706651,-0.0047004828438731265,0.4095984567583022,0.6483165118440294,147.53103987023883
I Feel It Coming,"The Weeknd, Daft Punk",74,0.8013630968609116,0.7933283230490782,1,-9.555433818782028,1,0.25108668277266005,0.3764527523350595,0.019195835719679626,0.39382829245989637,0.5600543975367652,152.32120148388984
EARFQUAKE,"Tyler, The Creator",82,0.8494954438071416,0.9689150504898042,8,-7.659134914488289,0,0.2486839335726031,0.24511320772261552,0.018410754491540407,0.48582753595662176,0.6712136743430451,159.81376578005114
Painkiller,Ruel,62,0.6814977933736375,0.764395725706153,11,-12.691972664562433,1,0.25275182974337884,0.436737397537864,0.040715625693699374,0.41128358258146014,0.58721496829696,132.88641655707582
Younger,Ruel,53,0.6598688976334828,0.7243142006447723,4,-11.50544907037851,0,0.19157772612446278,0.4364550775331804,0.056703125756086666,0.30872976526688134,0.507874898525527,136.03244682243
Sunflower,Rex Orange County,4,0.1577228034695559,0.3648556158545464,3,-17.644922890273058,1,0.09046849976343256,0.799172689572324,0.08753542948487121,0.2245858341055616,0.41307611570588787,96.49782329565603
Butterflies,Fiji Blue,0,0.17945004401493,0.2313572136637021,5,-20.077053562031153,1,0.10746194602424472,0.7408019171419911,0.10760650908965887,0.2273306641814282,0.4023457208742546,79.29897084647924
Space Makes Me Sad,Fiji Blue,0,0.20606727824168833,0.3220715042717575,5,-19.44436194115314,1,0.06735713992150402,0.7721943034001801,0.10651837492555918,0.18055026986290765,0.30250382588203345,81.56801588402995
Love In My Pocket,Rich Brian,0,0.13379302294579623,0.2600864759489187,9,-19.13230855023447,1,0.07184243744845498,0.7845932413468509,0.09505433832772665,0.1331570393097432,0.22926057179817172,90.98559757900648
2 soon,keshi,67,0.7026113610483568,0.8881165063444578,10,-9.538211745613037,0,0.2331688050597239,0.4064728977571799,0.026926931212518053,0.434601733760519,0.5659656858805249,149.04845041510436
like i need u,keshi,67,0.6837114096398915,0.7191766012681402,1,-10.438016367396914,0,0.21200055592833292,0.45331242093436863,0.03140119480307903,0.34359409747458886,0.5901722434176279,146.22828277536354
skeletons,keshi,60,0.5981275427680863,0.5787199328411646,4,-11.563863381464731,1,0.2069901657927183,0.4661475366580272,0.04108462957934276,0.37598506516681157,0.6582742889512722,132.63133480018922
the reaper,keshi,55,0.6169672956040622,0.6947498117373988,10,-9.501512141232897,1,0.20490814934339385,0.45659966746619784,0.05526461057621544,0.29953000177239036,0.577843580760557,134.05380442957562
lowkey,NIKI,9,0.2679785278616196,0.3561751998873663,7,-19.520746601628417,1,0.11290848966786678,0.5846908936742026,0.08758237958039278,0.2967605603408257,0.34615875438944765,104.91549003223443
summer,keshi,54,0.6400985529151808,0.7538762187295801,0,-12.966166483554014,1,0.17049643107012266,0.5164944761764544,0.0374875433919098,0.3414383633291751,0.41658813220699,128.39348263526688
Lost in You,khai dreams,0,0.20494055073088377,0.27856043969784433,0,-19.44555897865178,1,0.11070464799525703,0.734459662649944,0.08427145933572792,0.22278562689126113,0.3949914010542189,89.593245808428
Get You (feat. Kali Uchis),"Daniel Caesar, Kali Uchis",83,0.7972971816190484,0.7366825203929706,5,-7.262992543493818,0,0.25223771090287145,0.2587508148916364,0.008640678261212882,0.4704479998371065,0.6990161854497188,163.92228207548266
Wow.,Post Malone,77,0.783082306130673,0.7839431728208756,0,-8.253019655395802,1,0.2406818710179865,0.3936608484860569,0.023886129807644943,0.49472343803428975,0.6287749843092045,145.2195423139409
right here,keshi,58,0.6936633530529962,0.6355413145068989,11,-11.199555094057567,0,0.2239941655481542,0.47393080542602395,0.04347838326962087,0.32636192926947893,0.5032176224520761,135.578284399413
Gimme Love,Joji,5,0.2706015949317357,0.4026649956194309,9,-18.080719254601934,0,0.08579115602485801,0.748513415016013,0.10222742900137757,0.20087476999014503,0.27864328964322116,90.61200070235476
just friends,keshi,54,0.573337607216085,0.735992780677312,3,-11.772350376563269,0,0.1901741554511328,0.5044473466197843,0.06788255453736662,0.2878399139313636,0.542450976843842,126.90365114131043
Daddy Issues,The Neighbourhood,84,0.9239217134047446,0.8092342239905499,8,-6.314584960078303,1,0.2807508613990423,0.25389015637264295,0.026320266566861476,0.49808995946099954,0.8433624060684461,157.4342166954345
Second Time,Bruno Major,0,0.267073119482591,0.2527230786553898,9,-19.199081457343176,1,0.07900833562203373,0.8047063448892281,0.08977441721088657,0.18270976538661063,0.2685959042465416,84.8311554108965
paper thin,Christian French,26,0.34014933736703956,0.5062019048366521,1,-16.976441066830883,0,0.13686971231715678,0.7332097056423352,0.08417520777016124,0.276424892005687,0.4462650478766118,117.86638579265183
My Favourite Clothes,RINI,61,0.6969554206415113,0.7145693186131963,8,-10.766923170996034,1,0.17641377662446303,0.4399566006263609,0.03688275676836502,0.41540036265319524,0.5132005589787842,136.81866654204228
bad guy,Billie Eilish,81,0.9290578824655898,0.9423051217639598,11,-9.49554149802677,1,0.27518724223964375,0.31524864500551564,0.035103453263271474,0.3300792382342494,0.7406450116049981,151.02212502966748
idontwannabeyouanymore,Billie Eilish,78,0.8195486035292036,0.8018849283593353,5,-7.2131953866103915,0,0.24477041534958066,0.3589520492845945,0.02551431963927501,0.3895163739651477,0.6838475050659428,154.13867173612914
Heather,Conan Gray,83,0.8741473307792879,0.8282856214571604,5,-8.468764882951431,1,0.28614512959584515,0.3656871950741537,0.025367714958877557,0.437353494132098,0.7280844768307803,163.0967897812107
Maniac,Conan Gray,75,0.843353067446202,0.7829614876536497,8,-9.933178567686362,1,0.25197047745278645,0.29152905361166814,0.012440163388771085,0.43148017609954253,0.6105136988638153,152.56940214816169
Stoop So Low,Alextbh,36,0.5023004254393008,0.5487238128498437,4,-16.208553717786153,1,0.1634910345662064,0.5442944850668995,0.07155913401492989,0.26202434885874387,0.48198568497270144,114.0948022495736
Cruel,Jeff Bernat,54,0.5893253862216365,0.7766990350964971,0,-12.432301511895911,0,0.22284555455648558,0.5336652139603517,0.0557660682989669,0.4082243665207058,0.5905565512005359,134.683495892653
MODUS,Joji,7,0.21858506841126518,0.3848366613017185,3,-19.54325419137247,1,0.14472914648936155,0.757213503593634,0.09212435785770677,0.2274349169401191,0.3446173736354299,96.13701743072228
B.Y.S.,keshi,58,0.6797366748767893,0.6909125881740257,11,-11.990528085723955,0,0.19588155715194577,0.413089185984869,0.03653404689333446,0.428804177438665,0.6515963633634804,125.5538531931799
beside you,keshi,68,0.74339578755602,0.777365164735874,11,-8.464641835674197,1,0.2241130276230251,0.43481086683280434,0.02594094093776385,0.3875480485493431,0.7095772898094852,147.5132959305873
After Hours,The Weeknd,79,0.8263425710860398,0.8321430778043992,9,-7.450541943757371,0,0.2673873959707683,0.40046531648107986,0.014347298716026819,0.47618273068190214,0.7279836610615423,149.75398385817093
Lonely (with benny blanco),"Justin Bieber, benny blanco",72,0.8177252858537902,0.7571045674289634,9,-9.412722257374375,1,0.24300888854027103,0.30805624894713035,0.025441205444688992,0.3821723831400563,0.589913813374917,147.2294393297309
drunk,keshi,62,0.7226926911192183,0.6830019813127637,11,-9.660262356443802,1,0.22879556577142354,0.3803488584974479,0.03982480662700201,0.4520327752544635,0.6721358596632615,140.75113780065323
us,keshi,56,0.6254554027190249,0.7225287175862163,6,-12.113868084242824,0,0.20258874941328914,0.4228605191001477,0.0365994701609225,0.3257932555115842,0.6295120261415733,137.2918378987006
Car Crash,eaJ,0,0.21732374087928796,0.2660933748852823,9,-20.554317707101635,1,0.09014912519690514,0.7774591987960541,0.11848446964142786,0.18499574954079392,0.2829418721418313,86.16389485287978
HELL/HEAVEN,keshi,54,0.6096968622803182,0.6612229895436349,4,-12.74690005450047,1,0.18006139943804178,0.5341080667431267,0.05961859095316745,0.38926490308352835,0.447451743220807,131.1236319808176
ANGOSTURA,keshi,59,0.6804807997190595,0.8222497038541375,5,-10.962109614358312,1,0.23646378282654001,0.4383004791568421,0.04947063072960822,0.3576667922699592,0.5754983060047194,133.27008039612497
UNDERSTAND,keshi,74,0.8097571627702708,0.8759956733946148,4,-8.159464521164853,0,0.21752205575124067,0.44936162232312415,0.01283370460489189,0.42646948123926337,0.6199623859900967,144.41209961515784
Try Again,"JAEHYUN, d.ear",69,0.7719717261589122,0.9106858496610344,8,-9.428264948447822,0,0.21598258571235196,0.35448615719872073,0.026369101294217004,0.3917158307705456,0.6726527166311372,145.65995313844448
IT'S YOU (feat. keshi),"MAX, keshi",9,0.26328945805362103,0.3426247134440323,3,-17.60326537016805,1,0.10910161796136665,0.7433215286520067,0.0981063372776458,0.2882554410809157,0.33912943488710523,98.2007302799648
Nothing,Bruno Major,1,0.12319579165853471,0.30704081609263273,1,-18.767838028203695,0,0.10701375397982725,0.8224137639977187,0.10788994697951722,0.15144946189697445,0.36202264076398455,91.81252343530238
Easily,Bruno Major,6,0.16818923828226884,0.40331207138720293,9,-20.400280996393818,0,0.11241392372007218,0.7366727658678063,0.09548184688523202,0.227873206235636,0.372686290352719,95.3467121237358
Glimpse of Us,Joji,77,0.7728935600390152,0.849245406846779,0,-6.832125518157689,1,0.2504459309077144,0.3855996597779372,0.03498024190823672,0.4308079453269322,0.6210060010833721,157.9916154232766
moonlight,Dhruv,62,0.7676863710459331,0.7877861162575687,5,-10.231353076323893,1,0.2295019830492843,0.42680931547598744,0.021774164599752212,0.3586207362127799,0.5603009132536659,141.06346520086979
double take,Dhruv,81,0.9246255998140408,0.7303479384668691,10,-5.485143741781627,1,0.2812938356657762,0.25809654999139287,0.04032858993035677,0.4371967586695941,0.5850169799572928,150.1181599431948
Blur,Dhruv,43,0.5939437921496723,0.6406726405408042,2,-12.673696352055671,1,0.16763276680560898,0.5103065946737505,0.055071157608139264,0.2984988672546193,0.48366284861961456,126.84096878630749
Save Your Tears,The Weeknd,84,0.963987139285898,0.9637783148471667,7,-8.651200035365079,0,0.2754024446467125,0.29305461229205254,0.012828199888757646,0.4683915890613192,0.6638796231782422,164.87827203639557
KEEP IT UP,Rex Orange County,52,0.6108870532904114,0.7054091748377992,7,-11.638684314301418,0,0.2104548967689583,0.41807102035178717,0.054009670603848904,0.3582661608663058,0.6073651674119497,131.18859434354383
Every Summertime,NIKI,73,0.7616691769678575,0.7748662750334632,8,-8.87647512892408,1,0.21189737266023756,0.4175480699871292,0.0327926796361859,0.46241448415124736,0.6368411861833438,159.419951653266
YUKON (INTERLUDE),Joji,47,0.663875395068338,0.6630372426708838,10,-12.490294259985086,0,0.19122176775282654,0.4586423640544613,0.053539174048999424,0.2656916757842582,0.6461754534653735,121.77452632598218
